<bpy>
  <Theme>
    <user_interface>
      <ThemeUserInterface
        menu_shadow_fac="0.4"
        menu_shadow_width="2"
        icon_alpha="1"
        icon_saturation="0.5"
        widget_emboss="#00000026"
        editor_outline="#1f130e"
        widget_text_cursor="#3c978f"
        panel_roundness="0.4"
        transparent_checker_primary="#333333"
        transparent_checker_secondary="#262626"
        transparent_checker_size="8"
        axis_x="#ff3352"
        axis_y="#8bdc00"
        axis_z="#2890ff"
        gizmo_hi="#ffffff"
        gizmo_primary="#f5f14d"
        gizmo_secondary="#63ffff"
        gizmo_view_align="#ffffff"
        gizmo_a="#4da84d"
        gizmo_b="#a33535"
        icon_scene="#e1c5b9ff"
        icon_collection="#ffffffff"
        icon_object="#e19658ff"
        icon_object_data="#00d4a3ff"
        icon_modifier="#74a2ffff"
        icon_shading="#cc6670ff"
        icon_folder="#563526ff"
        icon_autokey="#ab3c48ff"
        icon_border_intensity="0"
        >
        <wcol_regular>
          <ThemeWidgetColors
            outline="#563526ff"
            inner="#774835ff"
            inner_sel="#3c978fff"
            item="#29191280"
            text="#f0e3dd"
            text_sel="#ffffff"
            show_shaded="FALSE"
            shadetop="0"
            shadedown="0"
            roundness="0.4"
            >
          </ThemeWidgetColors>
        </wcol_regular>
        <wcol_tool>
          <ThemeWidgetColors
            outline="#563526ff"
            inner="#774835ff"
            inner_sel="#3c978fff"
            item="#ffffffff"
            text="#f0e3dd"
            text_sel="#ffffff"
            show_shaded="FALSE"
            shadetop="0"
            shadedown="0"
            roundness="0.4"
            >
          </ThemeWidgetColors>
        </wcol_tool>
        <wcol_toolbar_item>
          <ThemeWidgetColors
            outline="#563526ff"
            inner="#382319ff"
            inner_sel="#3c978fff"
            item="#ffffffb3"
            text="#f0e3dd"
            text_sel="#ffffff"
            show_shaded="FALSE"
            shadetop="0"
            shadedown="0"
            roundness="0.4"
            >
          </ThemeWidgetColors>
        </wcol_toolbar_item>
        <wcol_radio>
          <ThemeWidgetColors
            outline="#563526ff"
            inner="#774835ff"
            inner_sel="#3c978fff"
            item="#342017ff"
            text="#f0e3dd"
            text_sel="#ffffff"
            show_shaded="FALSE"
            shadetop="0"
            shadedown="0"
            roundness="0.4"
            >
          </ThemeWidgetColors>
        </wcol_radio>
        <wcol_text>
          <ThemeWidgetColors
            outline="#563526ff"
            inner="#291912ff"
            inner_sel="#22150fff"
            item="#3c978fff"
            text="#f0e3dd"
            text_sel="#ffffff"
            show_shaded="FALSE"
            shadetop="0"
            shadedown="0"
            roundness="0.4"
            >
          </ThemeWidgetColors>
        </wcol_text>
        <wcol_option>
          <ThemeWidgetColors
            outline="#563526ff"
            inner="#774835ff"
            inner_sel="#3c978fff"
            item="#ffffffff"
            text="#291912"
            text_sel="#291912"
            show_shaded="FALSE"
            shadetop="0"
            shadedown="0"
            roundness="0.4"
            >
          </ThemeWidgetColors>
        </wcol_option>
        <wcol_toggle>
          <ThemeWidgetColors
            outline="#563526ff"
            inner="#774835ff"
            inner_sel="#3c978fff"
            item="#342017ff"
            text="#f0e3dd"
            text_sel="#ffffff"
            show_shaded="FALSE"
            shadetop="0"
            shadedown="0"
            roundness="0.4"
            >
          </ThemeWidgetColors>
        </wcol_toggle>
        <wcol_num>
          <ThemeWidgetColors
            outline="#563526ff"
            inner="#774835ff"
            inner_sel="#301d15ff"
            item="#3c978fff"
            text="#f0e3dd"
            text_sel="#ffffff"
            show_shaded="FALSE"
            shadetop="0"
            shadedown="0"
            roundness="0.4"
            >
          </ThemeWidgetColors>
        </wcol_num>
        <wcol_numslider>
          <ThemeWidgetColors
            outline="#563526ff"
            inner="#774835ff"
            inner_sel="#301d15ff"
            item="#3c978fff"
            text="#f0e3dd"
            text_sel="#ffffff"
            show_shaded="FALSE"
            shadetop="0"
            shadedown="0"
            roundness="0.4"
            >
          </ThemeWidgetColors>
        </wcol_numslider>
        <wcol_box>
          <ThemeWidgetColors
            outline="#563526ff"
            inner="#ffffff33"
            inner_sel="#774835ff"
            item="#231610ff"
            text="#291912"
            text_sel="#ffffff"
            show_shaded="FALSE"
            shadetop="0"
            shadedown="0"
            roundness="0.4"
            >
          </ThemeWidgetColors>
        </wcol_box>
        <wcol_menu>
          <ThemeWidgetColors
            outline="#563526ff"
            inner="#382319ff"
            inner_sel="#3c978fb3"
            item="#e9d4cbff"
            text="#f0e3dd"
            text_sel="#ffffff"
            show_shaded="FALSE"
            shadetop="0"
            shadedown="0"
            roundness="0.4"
            >
          </ThemeWidgetColors>
        </wcol_menu>
        <wcol_pulldown>
          <ThemeWidgetColors
            outline="#56352600"
            inner="#301d1566"
            inner_sel="#3c978fb3"
            item="#a16248ff"
            text="#e9d4cb"
            text_sel="#ffffff"
            show_shaded="FALSE"
            shadetop="0"
            shadedown="0"
            roundness="0.4"
            >
          </ThemeWidgetColors>
        </wcol_pulldown>
        <wcol_menu_back>
          <ThemeWidgetColors
            outline="#331f17ff"
            inner="#22150fff"
            inner_sel="#3c978fff"
            item="#e9d4cbff"
            text="#c38b73"
            text_sel="#ffffff"
            show_shaded="FALSE"
            shadetop="0"
            shadedown="0"
            roundness="0.4"
            >
          </ThemeWidgetColors>
        </wcol_menu_back>
        <wcol_pie_menu>
          <ThemeWidgetColors
            outline="#331f17ff"
            inner="#22150fff"
            inner_sel="#3c978fff"
            item="#774835ff"
            text="#e9d4cb"
            text_sel="#ffffff"
            show_shaded="FALSE"
            shadetop="0"
            shadedown="0"
            roundness="0.4"
            >
          </ThemeWidgetColors>
        </wcol_pie_menu>
        <wcol_tooltip>
          <ThemeWidgetColors
            outline="#331f17ff"
            inner="#291912ff"
            inner_sel="#3c978fff"
            item="#e9d4cbff"
            text="#e9d4cb"
            text_sel="#ffffff"
            show_shaded="FALSE"
            shadetop="0"
            shadedown="0"
            roundness="0.4"
            >
          </ThemeWidgetColors>
        </wcol_tooltip>
        <wcol_menu_item>
          <ThemeWidgetColors
            outline="#56352600"
            inner="#22150f00"
            inner_sel="#3c978fff"
            item="#ffffff8f"
            text="#ebd8d0"
            text_sel="#ffffff"
            show_shaded="FALSE"
            shadetop="0"
            shadedown="0"
            roundness="0.4"
            >
          </ThemeWidgetColors>
        </wcol_menu_item>
        <wcol_scroll>
          <ThemeWidgetColors
            outline="#563526ff"
            inner="#56352620"
            inner_sel="#ffffffff"
            item="#ffffffff"
            text="#f0e3dd"
            text_sel="#ffffff"
            show_shaded="FALSE"
            shadetop="0"
            shadedown="0"
            roundness="1"
            >
          </ThemeWidgetColors>
        </wcol_scroll>
        <wcol_progress>
          <ThemeWidgetColors
            outline="#563526ff"
            inner="#301d15ff"
            inner_sel="#3c978fff"
            item="#3c978fff"
            text="#f0e3dd"
            text_sel="#ffffff"
            show_shaded="FALSE"
            shadetop="0"
            shadedown="0"
            roundness="0.4"
            >
          </ThemeWidgetColors>
        </wcol_progress>
        <wcol_list_item>
          <ThemeWidgetColors
            outline="#40271cff"
            inner="#40271c00"
            inner_sel="#563526ff"
            item="#3c978fff"
            text="#372118"
            text_sel="#ffffff"
            show_shaded="FALSE"
            shadetop="0"
            shadedown="0"
            roundness="0.4"
            >
          </ThemeWidgetColors>
        </wcol_list_item>
        <wcol_state>
          <ThemeWidgetStateColors
            inner_anim="#53992e"
            inner_anim_sel="#38a600"
            inner_key="#b3ae36"
            inner_key_sel="#b29700"
            inner_driven="#9000cc"
            inner_driven_sel="#9900e6"
            inner_overridden="#00c3c3"
            inner_overridden_sel="#118f8f"
            inner_changed="#cc7529"
            inner_changed_sel="#d26400"
            blend="0.5"
            >
          </ThemeWidgetStateColors>
        </wcol_state>
        <wcol_tab>
          <ThemeWidgetColors
            outline="#291912ff"
            inner="#291912ff"
            inner_sel="#774835ff"
            item="#291912ff"
            text="#c28a72"
            text_sel="#ffffff"
            show_shaded="FALSE"
            shadetop="0"
            shadedown="0"
            roundness="0.4"
            >
          </ThemeWidgetColors>
        </wcol_tab>
      </ThemeUserInterface>
    </user_interface>
    <view_3d>
      <ThemeView3D
        grid="#54545480"
        clipping_border_3d="#3f3f3fff"
        wire="#000000"
        wire_edit="#000000"
        edge_width="1"
        gp_vertex="#000000"
        gp_vertex_select="#ff8500"
        gp_vertex_size="3"
        text_grease_pencil="#b5e61d"
        object_selected="#ed5700"
        object_active="#ffa028"
        text_keyframe="#ddd700"
        camera="#000000"
        empty="#000000"
        light="#00000050"
        speaker="#000000"
        vertex="#000000"
        vertex_select="#ff7a00"
        vertex_size="3"
        vertex_bevel="#00a5ff"
        vertex_unreferenced="#000000"
        edge_select="#ffa000"
        edge_mode_select="#ffd800"
        edge_seam="#db2512"
        edge_sharp="#00ffff"
        edge_crease="#cc0099"
        edge_bevel="#00a5ff"
        edge_facesel="#4b4b4b"
        freestyle_edge_mark="#7fff7f"
        face="#ffffff02"
        face_select="#ffa5522e"
        face_mode_select="#ffb70033"
        face_dot="#ff8a00"
        facedot_size="3"
        freestyle_face_mark="#7fff7f4d"
        face_retopology="#50c8ff0f"
        face_back="#ff0000b3"
        face_front="#0000ffb3"
        nurb_uline="#909000"
        nurb_vline="#803060"
        nurb_sel_uline="#f0ff40"
        nurb_sel_vline="#f090a0"
        act_spline="#db2512"
        handle_free="#000000"
        handle_auto="#909000"
        handle_vect="#409030"
        handle_sel_vect="#40c030"
        handle_align="#803060"
        handle_sel_free="#000000"
        handle_sel_auto="#f0ff40"
        handle_sel_align="#f090a0"
        lastsel_point="#ffffff"
        extra_edge_len="#150806"
        extra_edge_angle="#4d4d00"
        extra_face_angle="#0000cc"
        extra_face_area="#004d00"
        editmesh_active="#ffffff33"
        normal="#22dddd"
        vertex_normal="#2361dd"
        split_normal="#dd23dd"
        bone_pose="#50c8ff"
        bone_pose_active="#8cffff"
        bone_solid="#b2b2b2"
        bone_locked_weight="#ff000080"
        frame_current="#60c040"
        before_current_frame="#f22e23"
        after_current_frame="#78f244"
        bundle_solid="#c8c8c8"
        camera_path="#000000"
        camera_passepartout="#000000"
        skin_root="#b44d4d"
        view_overlay="#000000"
        transform="#ffffff"
        paint_curve_handle="#7fff7f7f"
        paint_curve_pivot="#ff7f7f7f"
        outline_width="1"
        object_origin_size="6"
        >
        <space>
          <ThemeSpaceGradient
            title="#372118"
            text="#ffffff"
            text_hi="#ffffff"
            header="#44291e00"
            header_text="#372118"
            header_text_hi="#ffffff"
            button="#b0e3e300"
            button_title="#372118"
            button_text="#372118"
            button_text_hi="#372118"
            navigation_bar="#a7dadaff"
            execution_buts="#a7dadaff"
            tab_active="#ffffff"
            tab_inactive="#b0e3e3"
            tab_back="#94c7c7ff"
            tab_outline="#82b5b5ff"
            >
            <gradients>
              <ThemeGradientColors
                background_type="RADIAL"
                high_gradient="#3d3d3d"
                gradient="#303030"
                >
              </ThemeGradientColors>
            </gradients>
            <panelcolors>
              <ThemePanelColors
                header="#b9ececff"
                back="#b9ececff"
                sub_back="#00000008"
                >
              </ThemePanelColors>
            </panelcolors>
          </ThemeSpaceGradient>
        </space>
        <asset_shelf>
          <ThemeAssetShelf
            header_back="#1d1d1dff"
            back="#303030ff"
            >
          </ThemeAssetShelf>
        </asset_shelf>
      </ThemeView3D>
    </view_3d>
    <graph_editor>
      <ThemeGraphEditor
        grid="#79acac"
        frame_current="#363636"
        time_scrub_background="#8bbebecc"
        time_marker_line="#00000060"
        time_marker_line_selected="#ffffff60"
        window_sliders="#969696"
        channels_region="#a7dada"
        dopesheet_channel="#82b5b5"
        dopesheet_subchannel="#82b5b5"
        channel_group="#82b5b5"
        active_channels_group="#216d5b"
        preview_range="#00000050"
        vertex="#363636"
        vertex_select="#ff8500"
        vertex_active="#ffffff"
        vertex_size="10"
        vertex_bevel="#000000"
        vertex_unreferenced="#000000"
        handle_free="#363636"
        handle_auto="#909000"
        handle_vect="#409030"
        handle_sel_vect="#40c030"
        handle_align="#803060"
        handle_sel_free="#000000"
        handle_sel_auto="#f0ff40"
        handle_sel_align="#f090a0"
        handle_auto_clamped="#994030"
        handle_sel_auto_clamped="#f0af90"
        lastsel_point="#2e2e2e"
        handle_vertex="#363636"
        handle_vertex_select="#ff8500"
        handle_vertex_size="8"
        >
        <space>
          <ThemeSpaceGeneric
            back="#a7dada"
            title="#372118"
            text="#372118"
            text_hi="#ffffff"
            header="#563526ff"
            header_text="#f5ece8"
            header_text_hi="#ffffff"
            button="#b0e3e300"
            button_title="#372118"
            button_text="#372118"
            button_text_hi="#372118"
            navigation_bar="#44291eff"
            execution_buts="#291912ff"
            tab_active="#ffffff"
            tab_inactive="#b0e3e3"
            tab_back="#94c7c7ff"
            tab_outline="#82b5b5ff"
            >
            <panelcolors>
              <ThemePanelColors
                header="#b9ececff"
                back="#b9ececff"
                sub_back="#00000008"
                >
              </ThemePanelColors>
            </panelcolors>
          </ThemeSpaceGeneric>
        </space>
        <space_list>
          <ThemeSpaceListGeneric
            list="#b0e3e3"
            list_title="#372118"
            list_text="#505050"
            list_text_hi="#020202"
            >
          </ThemeSpaceListGeneric>
        </space_list>
      </ThemeGraphEditor>
    </graph_editor>
    <file_browser>
      <ThemeFileBrowser
        selected_file="#3c978f"
        row_alternate="#ffffff04"
        >
        <space>
          <ThemeSpaceGeneric
            back="#a7dada"
            title="#372118"
            text="#372118"
            text_hi="#ffffff"
            header="#563526ff"
            header_text="#f5ece8"
            header_text_hi="#ffffff"
            button="#b0e3e300"
            button_title="#372118"
            button_text="#372118"
            button_text_hi="#372118"
            navigation_bar="#44291eff"
            execution_buts="#291912ff"
            tab_active="#ffffff"
            tab_inactive="#b0e3e3"
            tab_back="#94c7c7ff"
            tab_outline="#82b5b5ff"
            >
            <panelcolors>
              <ThemePanelColors
                header="#b9ececff"
                back="#b9ececff"
                sub_back="#00000008"
                >
              </ThemePanelColors>
            </panelcolors>
          </ThemeSpaceGeneric>
        </space>
      </ThemeFileBrowser>
    </file_browser>
    <nla_editor>
      <ThemeNLAEditor
        grid="#79acac"
        view_sliders="#82b5b5"
        dopesheet_channel="#82b5b5"
        dopesheet_subchannel="#7d98b3"
        nla_track="#82b5b5"
        active_action="#82b5b550"
        active_action_unset="#82b5b550"
        preview_range="#00000050"
        strips="#546e7a"
        strips_selected="#ff8c00"
        transition_strips="#d81b60"
        transition_strips_selected="#2e75db"
        meta_strips="#c0ca33"
        meta_strips_selected="#692196"
        sound_strips="#2b3d3d"
        sound_strips_selected="#1f7a7a"
        tweak="#4df31a"
        tweak_duplicate="#d90000"
        keyframe_border="#000000ff"
        keyframe_border_selected="#ffffffff"
        frame_current="#363636"
        time_scrub_background="#8bbebecc"
        time_marker_line="#00000060"
        time_marker_line_selected="#ffffff60"
        >
        <space>
          <ThemeSpaceGeneric
            back="#a7dada"
            title="#372118"
            text="#372118"
            text_hi="#ffffff"
            header="#563526ff"
            header_text="#f5ece8"
            header_text_hi="#ffffff"
            button="#b0e3e300"
            button_title="#372118"
            button_text="#372118"
            button_text_hi="#372118"
            navigation_bar="#44291eff"
            execution_buts="#291912ff"
            tab_active="#ffffff"
            tab_inactive="#b0e3e3"
            tab_back="#94c7c7ff"
            tab_outline="#82b5b5ff"
            >
            <panelcolors>
              <ThemePanelColors
                header="#b9ececff"
                back="#b9ececff"
                sub_back="#00000008"
                >
              </ThemePanelColors>
            </panelcolors>
          </ThemeSpaceGeneric>
        </space>
        <space_list>
          <ThemeSpaceListGeneric
            list="#b0e3e3"
            list_title="#372118"
            list_text="#505050"
            list_text_hi="#020202"
            >
          </ThemeSpaceListGeneric>
        </space_list>
      </ThemeNLAEditor>
    </nla_editor>
    <dopesheet_editor>
      <ThemeDopeSheet
        grid="#79acac"
        frame_current="#363636"
        time_scrub_background="#8bbebecc"
        time_marker_line="#00000060"
        time_marker_line_selected="#ffffff60"
        value_sliders="#000000"
        view_sliders="#82b5b5"
        dopesheet_channel="#82b5b550"
        dopesheet_subchannel="#82b5b550"
        channels="#82b5b550"
        channels_selected="#eca4ba50"
        channel_group="#82b5b550"
        active_channels_group="#fa990050"
        long_key="#36363650"
        long_key_selected="#363636a0"
        keyframe="#e8e8e8"
        keyframe_selected="#000000"
        keyframe_extreme="#e8b3cc"
        keyframe_extreme_selected="#f28080"
        keyframe_breakdown="#b3dbe8"
        keyframe_breakdown_selected="#54bfed"
        keyframe_jitter="#94e575"
        keyframe_jitter_selected="#61c042"
        keyframe_movehold="#5c5656"
        keyframe_movehold_selected="#ffaf23"
        keyframe_generated="#585858"
        keyframe_generated_selected="#a28962"
        keyframe_border="#000000ff"
        keyframe_border_selected="#000000ff"
        keyframe_scale_factor="1"
        summary="#ffffff50"
        preview_range="#00000050"
        interpolation_line="#94e575cc"
        simulated_frames="#721e65ff"
        >
        <space>
          <ThemeSpaceGeneric
            back="#a7dada"
            title="#372118"
            text="#372118"
            text_hi="#ffffff"
            header="#563526ff"
            header_text="#f5ece8"
            header_text_hi="#ffffff"
            button="#b0e3e300"
            button_title="#372118"
            button_text="#372118"
            button_text_hi="#372118"
            navigation_bar="#44291eff"
            execution_buts="#291912ff"
            tab_active="#ffffff"
            tab_inactive="#b0e3e3"
            tab_back="#94c7c7ff"
            tab_outline="#82b5b5ff"
            >
            <panelcolors>
              <ThemePanelColors
                header="#b9ececff"
                back="#b9ececff"
                sub_back="#00000008"
                >
              </ThemePanelColors>
            </panelcolors>
          </ThemeSpaceGeneric>
        </space>
        <space_list>
          <ThemeSpaceListGeneric
            list="#b0e3e3"
            list_title="#372118"
            list_text="#505050"
            list_text_hi="#020202"
            >
          </ThemeSpaceListGeneric>
        </space_list>
      </ThemeDopeSheet>
    </dopesheet_editor>
    <image_editor>
      <ThemeImageEditor
        grid="#303030ff"
        vertex="#000000"
        vertex_select="#ff8500"
        vertex_size="3"
        vertex_bevel="#000000"
        vertex_unreferenced="#000000"
        face="#ffffff0a"
        face_select="#ff85003c"
        face_mode_select="#00000000"
        face_dot="#ff8500"
        facedot_size="3"
        freestyle_face_mark="#7fff7f33"
        face_retopology="#00000000"
        face_back="#00000000"
        face_front="#00000000"
        editmesh_active="#ffffff40"
        wire_edit="#c0c0c0"
        edge_width="1"
        edge_select="#ff8500"
        scope_back="#727272ff"
        preview_stitch_face="#7f7f0033"
        preview_stitch_edge="#ff00ff33"
        preview_stitch_vert="#0000ff33"
        preview_stitch_stitchable="#00ff00ff"
        preview_stitch_unstitchable="#ff0000ff"
        preview_stitch_active="#e1d2c323"
        uv_shadow="#707070ff"
        frame_current="#60c040"
        metadatabg="#000000"
        metadatatext="#ffffff"
        handle_free="#000000"
        handle_auto="#909000"
        handle_align="#803060"
        handle_sel_free="#000000"
        handle_sel_auto="#f0ff40"
        handle_sel_align="#f090a0"
        handle_auto_clamped="#000000"
        handle_sel_auto_clamped="#000000"
        handle_vertex="#000000"
        handle_vertex_select="#ffff00"
        handle_vertex_size="5"
        paint_curve_handle="#7fff7f7f"
        paint_curve_pivot="#ff7f7f7f"
        >
        <space>
          <ThemeSpaceGeneric
            back="#303030"
            title="#372118"
            text="#372118"
            text_hi="#ffffff"
            header="#563526ff"
            header_text="#f5ece8"
            header_text_hi="#ffffff"
            button="#b0e3e300"
            button_title="#372118"
            button_text="#372118"
            button_text_hi="#372118"
            navigation_bar="#44291eff"
            execution_buts="#291912ff"
            tab_active="#ffffff"
            tab_inactive="#b0e3e3"
            tab_back="#94c7c7ff"
            tab_outline="#82b5b5ff"
            >
            <panelcolors>
              <ThemePanelColors
                header="#b9ececff"
                back="#b9ececff"
                sub_back="#00000008"
                >
              </ThemePanelColors>
            </panelcolors>
          </ThemeSpaceGeneric>
        </space>
        <asset_shelf>
          <ThemeAssetShelf
            header_back="#1d1d1dff"
            back="#303030ff"
            >
          </ThemeAssetShelf>
        </asset_shelf>
      </ThemeImageEditor>
    </image_editor>
    <sequence_editor>
      <ThemeSequenceEditor
        grid="#79acac"
        window_sliders="#a0a0a0"
        movie_strip="#5699ff"
        movieclip_strip="#ff5f5f"
        image_strip="#f9a92f"
        scene_strip="#99b332"
        audio_strip="#3ba3a3"
        effect_strip="#786abc"
        transition_strip="#50458f"
        color_strip="#8f8f8f"
        meta_strip="#978cc0"
        mask_strip="#666666"
        text_strip="#c56fda"
        active_strip="#94c7c7"
        selected_strip="#ff8f0d"
        frame_current="#363636"
        time_scrub_background="#8bbebecc"
        time_marker_line="#00000060"
        time_marker_line_selected="#ffffff60"
        keyframe="#363636"
        keyframe_selected="#ffbe33"
        keyframe_breakdown="#b3dbe8"
        keyframe_breakdown_selected="#54bfed"
        keyframe_movehold="#808080"
        keyframe_movehold_selected="#ffaf23"
        keyframe_generated="#000000"
        keyframe_generated_selected="#000000"
        keyframe_border="#000000ff"
        keyframe_border_selected="#000000ff"
        draw_action="#50c8ff"
        preview_back="#94c7c7"
        metadatabg="#000000"
        metadatatext="#2e2e2e"
        preview_range="#a14d0066"
        row_alternate="#ffffff66"
        >
        <space>
          <ThemeSpaceGeneric
            back="#a7dada"
            title="#372118"
            text="#372118"
            text_hi="#ffffff"
            header="#563526ff"
            header_text="#f5ece8"
            header_text_hi="#ffffff"
            button="#b0e3e300"
            button_title="#372118"
            button_text="#372118"
            button_text_hi="#372118"
            navigation_bar="#44291eff"
            execution_buts="#291912ff"
            tab_active="#ffffff"
            tab_inactive="#b0e3e3"
            tab_back="#94c7c7ff"
            tab_outline="#82b5b5ff"
            >
            <panelcolors>
              <ThemePanelColors
                header="#b9ececff"
                back="#b9ececff"
                sub_back="#00000008"
                >
              </ThemePanelColors>
            </panelcolors>
          </ThemeSpaceGeneric>
        </space>
        <space_list>
          <ThemeSpaceListGeneric
            list="#b0e3e3"
            list_title="#372118"
            list_text="#505050"
            list_text_hi="#020202"
            >
          </ThemeSpaceListGeneric>
        </space_list>
      </ThemeSequenceEditor>
    </sequence_editor>
    <properties>
      <ThemeProperties
        match="#5680c2"
        active_modifier="#363636ff"
        >
        <space>
          <ThemeSpaceGeneric
            back="#a7dada"
            title="#372118"
            text="#372118"
            text_hi="#ffffff"
            header="#563526ff"
            header_text="#f5ece8"
            header_text_hi="#ffffff"
            button="#b0e3e300"
            button_title="#372118"
            button_text="#372118"
            button_text_hi="#372118"
            navigation_bar="#44291eff"
            execution_buts="#291912ff"
            tab_active="#ffffff"
            tab_inactive="#b0e3e3"
            tab_back="#94c7c7ff"
            tab_outline="#82b5b5ff"
            >
            <panelcolors>
              <ThemePanelColors
                header="#b9ececff"
                back="#b9ececff"
                sub_back="#00000008"
                >
              </ThemePanelColors>
            </panelcolors>
          </ThemeSpaceGeneric>
        </space>
      </ThemeProperties>
    </properties>
    <text_editor>
      <ThemeTextEditor
        line_numbers="#a8674b"
        line_numbers_background="#291912"
        selected_text="#22150f"
        cursor="#ff0000"
        syntax_builtin="#e62e67"
        syntax_symbols="#ff734d"
        syntax_special="#689d06"
        syntax_preprocessor="#9c73e6"
        syntax_reserved="#c4753b"
        syntax_comment="#bf846b"
        syntax_string="#e6d573"
        syntax_numbers="#48c5e6"
        >
        <space>
          <ThemeSpaceGeneric
            back="#311e16"
            title="#f5ece8"
            text="#f0e3dd"
            text_hi="#ffffff"
            header="#563526ff"
            header_text="#f5ece8"
            header_text_hi="#ffffff"
            button="#b0e3e300"
            button_title="#372118"
            button_text="#372118"
            button_text_hi="#372118"
            navigation_bar="#44291eff"
            execution_buts="#291912ff"
            tab_active="#ffffff"
            tab_inactive="#b0e3e3"
            tab_back="#94c7c7ff"
            tab_outline="#82b5b5ff"
            >
            <panelcolors>
              <ThemePanelColors
                header="#b9ececff"
                back="#b9ececff"
                sub_back="#00000008"
                >
              </ThemePanelColors>
            </panelcolors>
          </ThemeSpaceGeneric>
        </space>
      </ThemeTextEditor>
    </text_editor>
    <node_editor>
      <ThemeNodeEditor
        grid="#382319"
        node_selected="#ed5700"
        node_active="#ffffff"
        wire="#251610ff"
        wire_inner="#bc7d63"
        wire_select="#ffffffb3"
        selected_text="#b36e50"
        node_backdrop="#44291eff"
        converter_node="#12adff"
        color_node="#cccc00"
        group_node="#3b660a"
        group_socket_node="#000000"
        frame_node="#150d09cc"
        matte_node="#973c3c"
        distor_node="#4c9797"
        noodle_curving="4"
        grid_levels="3"
        dash_alpha="0.5"
        input_node="#ff3371"
        output_node="#4d0017"
        filter_node="#551a80"
        vector_node="#4d4dff"
        texture_node="#e66800"
        shader_node="#24b524"
        script_node="#084d4d"
        pattern_node="#6c696f"
        layout_node="#6c696f"
        geometry_node="#00d6a3"
        attribute_node="#001566"
        simulation_zone="#66416233"
        repeat_zone="#76512f33"
        >
        <space>
          <ThemeSpaceGeneric
            back="#291912"
            title="#f5ece8"
            text="#f0e3dd"
            text_hi="#ffffff"
            header="#563526ff"
            header_text="#f5ece8"
            header_text_hi="#ffffff"
            button="#b0e3e300"
            button_title="#372118"
            button_text="#372118"
            button_text_hi="#372118"
            navigation_bar="#44291eff"
            execution_buts="#291912ff"
            tab_active="#ffffff"
            tab_inactive="#b0e3e3"
            tab_back="#94c7c7ff"
            tab_outline="#82b5b5ff"
            >
            <panelcolors>
              <ThemePanelColors
                header="#b9ececff"
                back="#b9ececff"
                sub_back="#00000008"
                >
              </ThemePanelColors>
            </panelcolors>
          </ThemeSpaceGeneric>
        </space>
        <space_list>
          <ThemeSpaceListGeneric
            list="#b0e3e3"
            list_title="#372118"
            list_text="#505050"
            list_text_hi="#020202"
            >
          </ThemeSpaceListGeneric>
        </space_list>
      </ThemeNodeEditor>
    </node_editor>
    <outliner>
      <ThemeOutliner
        match="#337f33"
        selected_highlight="#215352"
        active="#3c978f"
        selected_object="#e96a00"
        active_object="#ffaf29"
        edited_object="#00806266"
        row_alternate="#ffffff04"
        >
        <space>
          <ThemeSpaceGeneric
            back="#382319"
            title="#ffffff"
            text="#dcbbad"
            text_hi="#ffffff"
            header="#382319b3"
            header_text="#f5ece8"
            header_text_hi="#ffffff"
            button="#44291e00"
            button_title="#ffffff"
            button_text="#e1c5b9"
            button_text_hi="#ffffff"
            navigation_bar="#291912ff"
            execution_buts="#44291eff"
            tab_active="#44291e"
            tab_inactive="#291912"
            tab_back="#22150fff"
            tab_outline="#563526ff"
            >
            <panelcolors>
              <ThemePanelColors
                header="#563526ff"
                back="#563526ff"
                sub_back="#0000001f"
                >
              </ThemePanelColors>
            </panelcolors>
          </ThemeSpaceGeneric>
        </space>
      </ThemeOutliner>
    </outliner>
    <info>
      <ThemeInfo
        info_selected="#363636"
        info_selected_text="#ffffff"
        info_error="#b34c34ff"
        info_error_text="#ffffff"
        info_warning="#ac8737ff"
        info_warning_text="#ffffff"
        info_info="#1f3862ff"
        info_info_text="#ffffff"
        info_debug="#6b3293ff"
        info_debug_text="#ffffff"
        info_property="#236666ff"
        info_property_text="#ffffff"
        info_operator="#235266ff"
        info_operator_text="#ffffff"
        >
        <space>
          <ThemeSpaceGeneric
            back="#a7dada"
            title="#372118"
            text="#372118"
            text_hi="#ffffff"
            header="#563526ff"
            header_text="#f5ece8"
            header_text_hi="#ffffff"
            button="#b0e3e300"
            button_title="#372118"
            button_text="#372118"
            button_text_hi="#372118"
            navigation_bar="#44291eff"
            execution_buts="#291912ff"
            tab_active="#ffffff"
            tab_inactive="#b0e3e3"
            tab_back="#94c7c7ff"
            tab_outline="#82b5b5ff"
            >
            <panelcolors>
              <ThemePanelColors
                header="#b9ececff"
                back="#b9ececff"
                sub_back="#00000008"
                >
              </ThemePanelColors>
            </panelcolors>
          </ThemeSpaceGeneric>
        </space>
      </ThemeInfo>
    </info>
    <preferences>
      <ThemePreferences>
        <space>
          <ThemeSpaceGeneric
            back="#a7dada"
            title="#372118"
            text="#372118"
            text_hi="#ffffff"
            header="#563526ff"
            header_text="#f5ece8"
            header_text_hi="#ffffff"
            button="#b0e3e300"
            button_title="#372118"
            button_text="#372118"
            button_text_hi="#372118"
            navigation_bar="#44291eff"
            execution_buts="#291912ff"
            tab_active="#ffffff"
            tab_inactive="#b0e3e3"
            tab_back="#94c7c7ff"
            tab_outline="#82b5b5ff"
            >
            <panelcolors>
              <ThemePanelColors
                header="#b9ececff"
                back="#b9ececff"
                sub_back="#00000008"
                >
              </ThemePanelColors>
            </panelcolors>
          </ThemeSpaceGeneric>
        </space>
      </ThemePreferences>
    </preferences>
    <console>
      <ThemeConsole
        line_output="#00515c"
        line_input="#372118"
        line_info="#95d600"
        line_error="#ff1961"
        cursor="#363636"
        select="#37211830"
        >
        <space>
          <ThemeSpaceGeneric
            back="#a7dada"
            title="#372118"
            text="#372118"
            text_hi="#ffffff"
            header="#563526ff"
            header_text="#f5ece8"
            header_text_hi="#ffffff"
            button="#b0e3e300"
            button_title="#372118"
            button_text="#372118"
            button_text_hi="#372118"
            navigation_bar="#44291eff"
            execution_buts="#291912ff"
            tab_active="#ffffff"
            tab_inactive="#b0e3e3"
            tab_back="#94c7c7ff"
            tab_outline="#82b5b5ff"
            >
            <panelcolors>
              <ThemePanelColors
                header="#b9ececff"
                back="#b9ececff"
                sub_back="#00000008"
                >
              </ThemePanelColors>
            </panelcolors>
          </ThemeSpaceGeneric>
        </space>
      </ThemeConsole>
    </console>
    <clip_editor>
      <ThemeClipEditor
        grid="#a7dadaff"
        marker_outline="#000000"
        marker="#7f7f00"
        active_marker="#ffffff"
        selected_marker="#ffff00"
        disabled_marker="#7f0000"
        locked_marker="#7f7f7f"
        path_before="#ff0000"
        path_after="#0000ff"
        path_keyframe_before="#ffc4c4"
        path_keyframe_after="#c4c4ff"
        frame_current="#363636"
        time_scrub_background="#8bbebecc"
        time_marker_line="#00000060"
        time_marker_line_selected="#ffffff60"
        strips="#0c0a0a"
        strips_selected="#ff8c00"
        metadatabg="#000000"
        metadatatext="#ffffff"
        handle_free="#000000"
        handle_auto="#909000"
        handle_align="#803060"
        handle_sel_free="#000000"
        handle_sel_auto="#f0ff40"
        handle_sel_align="#f090a0"
        handle_auto_clamped="#000000"
        handle_sel_auto_clamped="#000000"
        handle_vertex="#000000"
        handle_vertex_select="#ffff00"
        handle_vertex_size="5"
        >
        <space>
          <ThemeSpaceGeneric
            back="#a7dada"
            title="#372118"
            text="#372118"
            text_hi="#ffffff"
            header="#563526ff"
            header_text="#f5ece8"
            header_text_hi="#ffffff"
            button="#b0e3e300"
            button_title="#372118"
            button_text="#372118"
            button_text_hi="#372118"
            navigation_bar="#44291eff"
            execution_buts="#291912ff"
            tab_active="#ffffff"
            tab_inactive="#b0e3e3"
            tab_back="#94c7c7ff"
            tab_outline="#82b5b5ff"
            >
            <panelcolors>
              <ThemePanelColors
                header="#b9ececff"
                back="#b9ececff"
                sub_back="#00000008"
                >
              </ThemePanelColors>
            </panelcolors>
          </ThemeSpaceGeneric>
        </space>
        <space_list>
          <ThemeSpaceListGeneric
            list="#b0e3e3"
            list_title="#372118"
            list_text="#505050"
            list_text_hi="#020202"
            >
          </ThemeSpaceListGeneric>
        </space_list>
      </ThemeClipEditor>
    </clip_editor>
    <topbar>
      <ThemeTopBar>
        <space>
          <ThemeSpaceGeneric
            back="#22150f"
            title="#ffffff"
            text="#f0e3dd"
            text_hi="#ffffff"
            header="#22150fb3"
            header_text="#f5ece8"
            header_text_hi="#ffffff"
            button="#44291e00"
            button_title="#ffffff"
            button_text="#e1c5b9"
            button_text_hi="#ffffff"
            navigation_bar="#44291eff"
            execution_buts="#291912ff"
            tab_active="#44291e"
            tab_inactive="#291912"
            tab_back="#22150fff"
            tab_outline="#563526ff"
            >
            <panelcolors>
              <ThemePanelColors
                header="#563526ff"
                back="#563526ff"
                sub_back="#0000001f"
                >
              </ThemePanelColors>
            </panelcolors>
          </ThemeSpaceGeneric>
        </space>
      </ThemeTopBar>
    </topbar>
    <statusbar>
      <ThemeStatusBar>
        <space>
          <ThemeSpaceGeneric
            back="#44291e"
            title="#ffffff"
            text="#b67255"
            text_hi="#ffffff"
            header="#22150fb3"
            header_text="#e1c5b9"
            header_text_hi="#ffffff"
            button="#44291e00"
            button_title="#000000"
            button_text="#e1c5b9"
            button_text_hi="#ffffff"
            navigation_bar="#291912ff"
            execution_buts="#44291eff"
            tab_active="#44291e"
            tab_inactive="#291912"
            tab_back="#22150fff"
            tab_outline="#563526ff"
            >
            <panelcolors>
              <ThemePanelColors
                header="#563526ff"
                back="#563526ff"
                sub_back="#0000001f"
                >
              </ThemePanelColors>
            </panelcolors>
          </ThemeSpaceGeneric>
        </space>
      </ThemeStatusBar>
    </statusbar>
    <spreadsheet>
      <ThemeSpreadsheet
        row_alternate="#ffffff33"
        >
        <space>
          <ThemeSpaceGeneric
            back="#a7dada"
            title="#372118"
            text="#372118"
            text_hi="#ffffff"
            header="#563526ff"
            header_text="#f5ece8"
            header_text_hi="#ffffff"
            button="#b0e3e300"
            button_title="#372118"
            button_text="#372118"
            button_text_hi="#372118"
            navigation_bar="#a7dadaff"
            execution_buts="#a7dadaff"
            tab_active="#ffffff"
            tab_inactive="#b0e3e3"
            tab_back="#94c7c7ff"
            tab_outline="#82b5b5ff"
            >
            <panelcolors>
              <ThemePanelColors
                header="#b9ececff"
                back="#b9ececff"
                sub_back="#00000008"
                >
              </ThemePanelColors>
            </panelcolors>
          </ThemeSpaceGeneric>
        </space>
        <space_list>
          <ThemeSpaceListGeneric
            list="#b0e3e3"
            list_title="#372118"
            list_text="#505050"
            list_text_hi="#020202"
            >
          </ThemeSpaceListGeneric>
        </space_list>
      </ThemeSpreadsheet>
    </spreadsheet>
    <bone_color_sets>
      <ThemeBoneColorSet
        normal="#9a0000"
        select="#bd1111"
        active="#f70a0a"
        show_colored_constraints="FALSE"
        >
      </ThemeBoneColorSet>
      <ThemeBoneColorSet
        normal="#f74018"
        select="#f66913"
        active="#fa9900"
        show_colored_constraints="FALSE"
        >
      </ThemeBoneColorSet>
      <ThemeBoneColorSet
        normal="#1e9109"
        select="#59b70b"
        active="#83ef1d"
        show_colored_constraints="FALSE"
        >
      </ThemeBoneColorSet>
      <ThemeBoneColorSet
        normal="#0a3694"
        select="#3667df"
        active="#5ec1ef"
        show_colored_constraints="FALSE"
        >
      </ThemeBoneColorSet>
      <ThemeBoneColorSet
        normal="#a9294e"
        select="#c1416a"
        active="#f05d91"
        show_colored_constraints="FALSE"
        >
      </ThemeBoneColorSet>
      <ThemeBoneColorSet
        normal="#430c78"
        select="#543aa3"
        active="#8764d5"
        show_colored_constraints="FALSE"
        >
      </ThemeBoneColorSet>
      <ThemeBoneColorSet
        normal="#24785a"
        select="#3c9579"
        active="#6fb6ab"
        show_colored_constraints="FALSE"
        >
      </ThemeBoneColorSet>
      <ThemeBoneColorSet
        normal="#4b707c"
        select="#6a8691"
        active="#9bc2cd"
        show_colored_constraints="FALSE"
        >
      </ThemeBoneColorSet>
      <ThemeBoneColorSet
        normal="#f4c90c"
        select="#eec236"
        active="#f3ff00"
        show_colored_constraints="FALSE"
        >
      </ThemeBoneColorSet>
      <ThemeBoneColorSet
        normal="#1e2024"
        select="#484c56"
        active="#2e2e2e"
        show_colored_constraints="FALSE"
        >
      </ThemeBoneColorSet>
      <ThemeBoneColorSet
        normal="#6f2f6a"
        select="#9845be"
        active="#d330d6"
        show_colored_constraints="FALSE"
        >
      </ThemeBoneColorSet>
      <ThemeBoneColorSet
        normal="#6c8e22"
        select="#7fb022"
        active="#bbef5b"
        show_colored_constraints="FALSE"
        >
      </ThemeBoneColorSet>
      <ThemeBoneColorSet
        normal="#8d8d8d"
        select="#b0b0b0"
        active="#dedede"
        show_colored_constraints="FALSE"
        >
      </ThemeBoneColorSet>
      <ThemeBoneColorSet
        normal="#834326"
        select="#8b5811"
        active="#bd6a11"
        show_colored_constraints="FALSE"
        >
      </ThemeBoneColorSet>
      <ThemeBoneColorSet
        normal="#08310e"
        select="#1c430b"
        active="#34622b"
        show_colored_constraints="FALSE"
        >
      </ThemeBoneColorSet>
      <ThemeBoneColorSet
        normal="#000000"
        select="#000000"
        active="#000000"
        show_colored_constraints="FALSE"
        >
      </ThemeBoneColorSet>
      <ThemeBoneColorSet
        normal="#000000"
        select="#000000"
        active="#000000"
        show_colored_constraints="FALSE"
        >
      </ThemeBoneColorSet>
      <ThemeBoneColorSet
        normal="#000000"
        select="#000000"
        active="#000000"
        show_colored_constraints="FALSE"
        >
      </ThemeBoneColorSet>
      <ThemeBoneColorSet
        normal="#000000"
        select="#000000"
        active="#000000"
        show_colored_constraints="FALSE"
        >
      </ThemeBoneColorSet>
      <ThemeBoneColorSet
        normal="#000000"
        select="#000000"
        active="#000000"
        show_colored_constraints="FALSE"
        >
      </ThemeBoneColorSet>
    </bone_color_sets>
    <collection_color>
      <ThemeCollectionColor
        color="#e2605b"
        >
      </ThemeCollectionColor>
      <ThemeCollectionColor
        color="#f1a355"
        >
      </ThemeCollectionColor>
      <ThemeCollectionColor
        color="#f1dc55"
        >
      </ThemeCollectionColor>
      <ThemeCollectionColor
        color="#7bcc7b"
        >
      </ThemeCollectionColor>
      <ThemeCollectionColor
        color="#5db6ea"
        >
      </ThemeCollectionColor>
      <ThemeCollectionColor
        color="#8d59da"
        >
      </ThemeCollectionColor>
      <ThemeCollectionColor
        color="#c673b8"
        >
      </ThemeCollectionColor>
      <ThemeCollectionColor
        color="#7a5441"
        >
      </ThemeCollectionColor>
    </collection_color>
    <strip_color>
      <ThemeStripColor
        color="#e2605b"
        >
      </ThemeStripColor>
      <ThemeStripColor
        color="#f1a355"
        >
      </ThemeStripColor>
      <ThemeStripColor
        color="#f1dc55"
        >
      </ThemeStripColor>
      <ThemeStripColor
        color="#7bcc7b"
        >
      </ThemeStripColor>
      <ThemeStripColor
        color="#5db6ea"
        >
      </ThemeStripColor>
      <ThemeStripColor
        color="#8d59da"
        >
      </ThemeStripColor>
      <ThemeStripColor
        color="#c673b8"
        >
      </ThemeStripColor>
      <ThemeStripColor
        color="#7a5441"
        >
      </ThemeStripColor>
      <ThemeStripColor
        color="#5f5f5f"
        >
      </ThemeStripColor>
    </strip_color>
  </Theme>
  <ThemeStyle>
    <panel_title>
      <ThemeFontStyle
        points="11"
        character_weight="400"
        shadow="0"
        shadow_offset_x="0"
        shadow_offset_y="0"
        shadow_alpha="0"
        shadow_value="0"
        >
      </ThemeFontStyle>
    </panel_title>
    <widget>
      <ThemeFontStyle
        points="11"
        character_weight="400"
        shadow="1"
        shadow_offset_x="0"
        shadow_offset_y="0"
        shadow_alpha="0"
        shadow_value="0"
        >
      </ThemeFontStyle>
    </widget>
    <tooltip>
      <ThemeFontStyle
        points="11"
        character_weight="400"
        shadow="1"
        shadow_offset_x="0"
        shadow_offset_y="-1"
        shadow_alpha="0.5"
        shadow_value="0"
        >
      </ThemeFontStyle>
    </tooltip>
  </ThemeStyle>
</bpy>
