<bpy>
  <Theme>
    <user_interface>
      <ThemeUserInterface
        menu_shadow_fac="0.3"
        menu_shadow_width="4"
        icon_alpha="1"
        icon_saturation="0.5"
        widget_emboss="#00000000"
        editor_outline="#444444"
        widget_text_cursor="#3399e6"
        panel_roundness="0"
        transparent_checker_primary="#333333"
        transparent_checker_secondary="#262626"
        transparent_checker_size="8"
        axis_x="#ff3352"
        axis_y="#8bdc00"
        axis_z="#2890ff"
        gizmo_hi="#ffffff"
        gizmo_primary="#f5f14d"
        gizmo_secondary="#63ffff"
        gizmo_view_align="#ffffff"
        gizmo_a="#4da84d"
        gizmo_b="#a33535"
        icon_scene="#ccccccff"
        icon_collection="#ffffffff"
        icon_object="#e19658ff"
        icon_object_data="#00d4a3ff"
        icon_modifier="#74a2ffff"
        icon_shading="#cc6670ff"
        icon_folder="#ccad63ff"
        icon_border_intensity="0"
        >
        <wcol_regular>
          <ThemeWidgetColors
            outline="#444444ff"
            inner="#5d5d5dff"
            inner_sel="#5285a6e6"
            item="#505050ff"
            text="#d9d9d9"
            text_sel="#ffffff"
            show_shaded="FALSE"
            shadetop="0"
            shadedown="0"
            roundness="0.2"
            >
          </ThemeWidgetColors>
        </wcol_regular>
        <wcol_tool>
          <ThemeWidgetColors
            outline="#444444ff"
            inner="#5d5d5dff"
            inner_sel="#5285a6ff"
            item="#ffffffff"
            text="#e6e6e6"
            text_sel="#ffffff"
            show_shaded="FALSE"
            shadetop="0"
            shadedown="0"
            roundness="0.2"
            >
          </ThemeWidgetColors>
        </wcol_tool>
        <wcol_toolbar_item>
          <ThemeWidgetColors
            outline="#373737ff"
            inner="#444444ff"
            inner_sel="#5285a6ff"
            item="#ffffff8f"
            text="#e6e6e6"
            text_sel="#ffffff"
            show_shaded="FALSE"
            shadetop="0"
            shadedown="0"
            roundness="0.2"
            >
          </ThemeWidgetColors>
        </wcol_toolbar_item>
        <wcol_radio>
          <ThemeWidgetColors
            outline="#444444ff"
            inner="#505050ff"
            inner_sel="#5285a6e6"
            item="#ffffffff"
            text="#e6e6e6"
            text_sel="#ffffff"
            show_shaded="FALSE"
            shadetop="0"
            shadedown="0"
            roundness="0.2"
            >
          </ThemeWidgetColors>
        </wcol_radio>
        <wcol_text>
          <ThemeWidgetColors
            outline="#444444ff"
            inner="#2b2b2bff"
            inner_sel="#2b2b2bff"
            item="#5285a6ff"
            text="#e6e6e6"
            text_sel="#ffffff"
            show_shaded="FALSE"
            shadetop="0"
            shadedown="0"
            roundness="0.2"
            >
          </ThemeWidgetColors>
        </wcol_text>
        <wcol_option>
          <ThemeWidgetColors
            outline="#444444ff"
            inner="#2b2b2bff"
            inner_sel="#2b2b2bff"
            item="#ffffffff"
            text="#e6e6e6"
            text_sel="#ffffff"
            show_shaded="FALSE"
            shadetop="0"
            shadedown="0"
            roundness="0.2"
            >
          </ThemeWidgetColors>
        </wcol_option>
        <wcol_toggle>
          <ThemeWidgetColors
            outline="#444444ff"
            inner="#444444ff"
            inner_sel="#5285a6e6"
            item="#44444419"
            text="#e6e6e6"
            text_sel="#ffffff"
            show_shaded="FALSE"
            shadetop="0"
            shadedown="0"
            roundness="0.2"
            >
          </ThemeWidgetColors>
        </wcol_toggle>
        <wcol_num>
          <ThemeWidgetColors
            outline="#404040ff"
            inner="#2b2b2bff"
            inner_sel="#2b2b2bff"
            item="#5285a6ff"
            text="#e6e6e6"
            text_sel="#ffffff"
            show_shaded="FALSE"
            shadetop="0"
            shadedown="0"
            roundness="0.2"
            >
          </ThemeWidgetColors>
        </wcol_num>
        <wcol_numslider>
          <ThemeWidgetColors
            outline="#404040ff"
            inner="#2b2b2bff"
            inner_sel="#444444ff"
            item="#5285a6e6"
            text="#e6e6e6"
            text_sel="#ffffff"
            show_shaded="FALSE"
            shadetop="0"
            shadedown="0"
            roundness="0.2"
            >
          </ThemeWidgetColors>
        </wcol_numslider>
        <wcol_box>
          <ThemeWidgetColors
            outline="#444444ff"
            inner="#2b2b2bff"
            inner_sel="#696e76ff"
            item="#44444419"
            text="#e6e6e6"
            text_sel="#ffffff"
            show_shaded="FALSE"
            shadetop="0"
            shadedown="0"
            roundness="0.2"
            >
          </ThemeWidgetColors>
        </wcol_box>
        <wcol_menu>
          <ThemeWidgetColors
            outline="#444444ff"
            inner="#5d5d5dff"
            inner_sel="#696e76ff"
            item="#e6e6e6ff"
            text="#d9d9d9"
            text_sel="#ffffff"
            show_shaded="FALSE"
            shadetop="0"
            shadedown="0"
            roundness="0.2"
            >
          </ThemeWidgetColors>
        </wcol_menu>
        <wcol_pulldown>
          <ThemeWidgetColors
            outline="#44444400"
            inner="#444444cc"
            inner_sel="#5285a6e6"
            item="#727272ff"
            text="#d9d9d9"
            text_sel="#ffffff"
            show_shaded="FALSE"
            shadetop="0"
            shadedown="0"
            roundness="0.2"
            >
          </ThemeWidgetColors>
        </wcol_pulldown>
        <wcol_menu_back>
          <ThemeWidgetColors
            outline="#444444ff"
            inner="#505050ff"
            inner_sel="#373737ff"
            item="#5285a6ff"
            text="#a5a5a5"
            text_sel="#ffffff"
            show_shaded="FALSE"
            shadetop="0"
            shadedown="0"
            roundness="0.2"
            >
          </ThemeWidgetColors>
        </wcol_menu_back>
        <wcol_pie_menu>
          <ThemeWidgetColors
            outline="#787878ff"
            inner="#444444ef"
            inner_sel="#5285a6e6"
            item="#444444ff"
            text="#d9d9d9"
            text_sel="#ffffff"
            show_shaded="FALSE"
            shadetop="0"
            shadedown="0"
            roundness="0.2"
            >
          </ThemeWidgetColors>
        </wcol_pie_menu>
        <wcol_tooltip>
          <ThemeWidgetColors
            outline="#000000ff"
            inner="#ffffdcff"
            inner_sel="#000000ff"
            item="#000000ff"
            text="#000000"
            text_sel="#ffffff"
            show_shaded="FALSE"
            shadetop="0"
            shadedown="0"
            roundness="0.2"
            >
          </ThemeWidgetColors>
        </wcol_tooltip>
        <wcol_menu_item>
          <ThemeWidgetColors
            outline="#44444400"
            inner="#00000000"
            inner_sel="#5285a6e6"
            item="#ffffff8f"
            text="#e6e6e6"
            text_sel="#ffffff"
            show_shaded="FALSE"
            shadetop="0"
            shadedown="0"
            roundness="0.2"
            >
          </ThemeWidgetColors>
        </wcol_menu_item>
        <wcol_scroll>
          <ThemeWidgetColors
            outline="#444444ff"
            inner="#373737ff"
            inner_sel="#5d5d5dff"
            item="#5d5d5dff"
            text="#e6e6e6"
            text_sel="#ffffff"
            show_shaded="FALSE"
            shadetop="0"
            shadedown="0"
            roundness="1"
            >
          </ThemeWidgetColors>
        </wcol_scroll>
        <wcol_progress>
          <ThemeWidgetColors
            outline="#787878ff"
            inner="#444444ff"
            inner_sel="#5285a6ff"
            item="#5285a6ff"
            text="#e6e6e6"
            text_sel="#ffffff"
            show_shaded="FALSE"
            shadetop="0"
            shadedown="0"
            roundness="0.2"
            >
          </ThemeWidgetColors>
        </wcol_progress>
        <wcol_list_item>
          <ThemeWidgetColors
            outline="#787878ff"
            inner="#2b2b2b00"
            inner_sel="#5285a6ff"
            item="#b3b3b3ff"
            text="#e6e6e6"
            text_sel="#ffffff"
            show_shaded="FALSE"
            shadetop="0"
            shadedown="0"
            roundness="0.2"
            >
          </ThemeWidgetColors>
        </wcol_list_item>
        <wcol_state>
          <ThemeWidgetStateColors
            inner_anim="#53992e"
            inner_anim_sel="#38a600"
            inner_key="#b3ae36"
            inner_key_sel="#b29700"
            inner_driven="#9000cc"
            inner_driven_sel="#9900e6"
            inner_overridden="#00c3c3"
            inner_overridden_sel="#118f8f"
            inner_changed="#cc7529"
            inner_changed_sel="#d26400"
            blend="0.5"
            >
          </ThemeWidgetStateColors>
        </wcol_state>
        <wcol_tab>
          <ThemeWidgetColors
            outline="#2e2e2eff"
            inner="#373737ff"
            inner_sel="#5285a6ff"
            item="#444444ff"
            text="#bdbdbd"
            text_sel="#ffffff"
            show_shaded="FALSE"
            shadetop="0"
            shadedown="0"
            roundness="0.2"
            >
          </ThemeWidgetColors>
        </wcol_tab>
      </ThemeUserInterface>
    </user_interface>
    <view_3d>
      <ThemeView3D
        grid="#00000033"
        clipping_border_3d="#444444ff"
        wire="#000460"
        wire_edit="#64dcff"
        edge_width="1"
        gp_vertex="#000000"
        gp_vertex_select="#5285a6"
        gp_vertex_size="3"
        text_grease_pencil="#b5e61d"
        object_selected="#d0d0d0"
        object_active="#43ffa3"
        text_keyframe="#ddd700"
        camera="#000000"
        empty="#000000"
        light="#00000028"
        speaker="#000000"
        vertex="#c800c8"
        vertex_select="#ffff00"
        vertex_size="2"
        vertex_bevel="#00a5ff"
        vertex_unreferenced="#000000"
        edge_select="#e4ac79"
        edge_mode_select="#ffd800"
        edge_seam="#db2512"
        edge_sharp="#00ffff"
        edge_crease="#cc0099"
        edge_bevel="#00a5ff"
        edge_facesel="#444444"
        freestyle_edge_mark="#7fff7f"
        face="#00000012"
        face_select="#e4ac7980"
        face_mode_select="#ffb70033"
        face_dot="#5285a6"
        facedot_size="3"
        freestyle_face_mark="#7fff7f33"
        face_retopology="#50c8ff0f"
        face_back="#ff0000b3"
        face_front="#0000ffb3"
        nurb_uline="#909000"
        nurb_vline="#803060"
        nurb_sel_uline="#f0ff40"
        nurb_sel_vline="#f090a0"
        act_spline="#db2512"
        handle_free="#000000"
        handle_auto="#909000"
        handle_vect="#409030"
        handle_sel_vect="#40c030"
        handle_align="#803060"
        handle_sel_free="#000000"
        handle_sel_auto="#f0ff40"
        handle_sel_align="#f090a0"
        lastsel_point="#ffffff"
        extra_edge_len="#150806"
        extra_edge_angle="#4d4d00"
        extra_face_angle="#0000cc"
        extra_face_area="#004d00"
        editmesh_active="#ffffff80"
        normal="#22dddd"
        vertex_normal="#2361dd"
        split_normal="#dd23dd"
        bone_pose="#50c8ff"
        bone_pose_active="#8cffff"
        bone_solid="#c8c8c8"
        bone_locked_weight="#ff000080"
        bundle_solid="#c8c8c8"
        camera_path="#000000"
        camera_passepartout="#000000"
        skin_root="#b44d4d"
        view_overlay="#000000"
        transform="#ffffff"
        frame_current="#60c040"
        paint_curve_handle="#7fff7f7f"
        paint_curve_pivot="#ff7f7f7f"
        outline_width="1"
        object_origin_size="6"
        >
        <space>
          <ThemeSpaceGradient
            title="#eeeeee"
            text="#e6e6e6"
            text_hi="#ffffff"
            header="#44444400"
            header_text="#eeeeee"
            header_text_hi="#ffffff"
            button="#35353500"
            button_title="#ffffff"
            button_text="#e5e5e5"
            button_text_hi="#ffffff"
            navigation_bar="#00000000"
            execution_buts="#00000000"
            tab_active="#5285a6"
            tab_inactive="#444444"
            tab_back="#444444ff"
            tab_outline="#444444ff"
            >
            <gradients>
              <ThemeGradientColors
                background_type="SINGLE_COLOR"
                high_gradient="#5c5c5c"
                gradient="#5c5c5c"
                >
              </ThemeGradientColors>
            </gradients>
            <panelcolors>
              <ThemePanelColors
                header="#5d5d5dff"
                back="#444444f0"
                sub_back="#00000000"
                >
              </ThemePanelColors>
            </panelcolors>
          </ThemeSpaceGradient>
        </space>
        <asset_shelf>
          <ThemeAssetShelf
            header_back="#1d1d1dff"
            back="#303030ff"
            >
          </ThemeAssetShelf>
        </asset_shelf>
      </ThemeView3D>
    </view_3d>
    <graph_editor>
      <ThemeGraphEditor
        grid="#484848"
        frame_current="#ffff00"
        time_scrub_background="#323232ff"
        time_marker_line="#ffffff4d"
        time_marker_line_selected="#ffffffb3"
        window_sliders="#969696"
        channels_region="#121212"
        dopesheet_channel="#5285a6"
        dopesheet_subchannel="#414d5a"
        channel_group="#1a332d"
        active_channels_group="#216d5b"
        preview_range="#a14d0066"
        vertex="#ff8500"
        vertex_select="#ffffff"
        vertex_active="#ffffff"
        vertex_size="8"
        vertex_bevel="#000000"
        vertex_unreferenced="#000000"
        handle_free="#000000"
        handle_auto="#909000"
        handle_vect="#409030"
        handle_sel_vect="#40c030"
        handle_align="#803060"
        handle_sel_free="#000000"
        handle_sel_auto="#f0ff40"
        handle_sel_align="#808080"
        handle_auto_clamped="#994030"
        handle_sel_auto_clamped="#f0af90"
        lastsel_point="#ffffff"
        handle_vertex="#ff8500"
        handle_vertex_select="#ffffff"
        handle_vertex_size="6"
        >
        <space>
          <ThemeSpaceGeneric
            back="#404040"
            title="#ffffff"
            text="#858585"
            text_hi="#000000"
            header="#444444ff"
            header_text="#eeeeee"
            header_text_hi="#000000"
            button="#444444ff"
            button_title="#ffffff"
            button_text="#e5e5e5"
            button_text_hi="#ffffff"
            navigation_bar="#00000000"
            execution_buts="#00000000"
            tab_active="#5285a6"
            tab_inactive="#444444"
            tab_back="#444444ff"
            tab_outline="#444444ff"
            >
            <panelcolors>
              <ThemePanelColors
                header="#5d5d5dcc"
                back="#444444b3"
                sub_back="#00000000"
                >
              </ThemePanelColors>
            </panelcolors>
          </ThemeSpaceGeneric>
        </space>
        <space_list>
          <ThemeSpaceListGeneric
            list="#373737"
            list_title="#ffffff"
            list_text="#b8b8b8"
            list_text_hi="#ffffff"
            >
          </ThemeSpaceListGeneric>
        </space_list>
      </ThemeGraphEditor>
    </graph_editor>
    <file_browser>
      <ThemeFileBrowser
        selected_file="#5285a6"
        row_alternate="#ffffff07"
        >
        <space>
          <ThemeSpaceGeneric
            back="#444444"
            title="#ffffff"
            text="#e6e6e6"
            text_hi="#ffffff"
            header="#444444ff"
            header_text="#eeeeee"
            header_text_hi="#ffffff"
            button="#5d5d5dff"
            button_title="#ffffff"
            button_text="#e5e5e5"
            button_text_hi="#ffffff"
            navigation_bar="#00000000"
            execution_buts="#44444400"
            tab_active="#5285a6"
            tab_inactive="#444444"
            tab_back="#444444ff"
            tab_outline="#444444ff"
            >
            <panelcolors>
              <ThemePanelColors
                header="#5d5d5dcc"
                back="#444444b3"
                sub_back="#00000000"
                >
              </ThemePanelColors>
            </panelcolors>
          </ThemeSpaceGeneric>
        </space>
      </ThemeFileBrowser>
    </file_browser>
    <nla_editor>
      <ThemeNLAEditor
        grid="#484848"
        view_sliders="#969696"
        dopesheet_channel="#5a85b2"
        dopesheet_subchannel="#7d98b3"
        nla_track="#424242"
        active_action="#cc701a66"
        active_action_unset="#9987614d"
        preview_range="#a14d0066"
        strips="#0c0a0a"
        strips_selected="#ff8c00"
        transition_strips="#1c2630"
        transition_strips_selected="#2e75db"
        meta_strips="#332642"
        meta_strips_selected="#692196"
        sound_strips="#2b3d3d"
        sound_strips_selected="#1f7a7a"
        tweak="#4df31a"
        tweak_duplicate="#d90000"
        keyframe_border="#000000ff"
        keyframe_border_selected="#000000ff"
        frame_current="#525252"
        time_scrub_background="#292929e6"
        time_marker_line="#00000060"
        time_marker_line_selected="#ffffff60"
        >
        <space>
          <ThemeSpaceGeneric
            back="#2b2b2b"
            title="#ffffff"
            text="#858585"
            text_hi="#ffffff"
            header="#444444ff"
            header_text="#eeeeee"
            header_text_hi="#ffffff"
            button="#444444ff"
            button_title="#ffffff"
            button_text="#e5e5e5"
            button_text_hi="#ffffff"
            navigation_bar="#00000000"
            execution_buts="#00000000"
            tab_active="#5285a6"
            tab_inactive="#444444"
            tab_back="#444444ff"
            tab_outline="#444444ff"
            >
            <panelcolors>
              <ThemePanelColors
                header="#5d5d5dcc"
                back="#444444b3"
                sub_back="#00000000"
                >
              </ThemePanelColors>
            </panelcolors>
          </ThemeSpaceGeneric>
        </space>
        <space_list>
          <ThemeSpaceListGeneric
            list="#444444"
            list_title="#ffffff"
            list_text="#b8b8b8"
            list_text_hi="#ffaf23"
            >
          </ThemeSpaceListGeneric>
        </space_list>
      </ThemeNLAEditor>
    </nla_editor>
    <dopesheet_editor>
      <ThemeDopeSheet
        grid="#484848"
        frame_current="#525252"
        time_scrub_background="#292929e6"
        time_marker_line="#ffffff4d"
        time_marker_line_selected="#ffffffb3"
        value_sliders="#000000"
        view_sliders="#c0c0c0"
        dopesheet_channel="#5285a680"
        dopesheet_subchannel="#414d5a80"
        channels="#1d1d1d99"
        channels_selected="#60c04044"
        channel_group="#1a332d37"
        active_channels_group="#216d5b67"
        long_key="#ffffff1f"
        long_key_selected="#ff8c0099"
        keyframe="#bfbfbf"
        keyframe_selected="#ffbe33"
        keyframe_extreme="#e8b3cc"
        keyframe_extreme_selected="#f28080"
        keyframe_breakdown="#b3dbe8"
        keyframe_breakdown_selected="#54bfed"
        keyframe_jitter="#94e575"
        keyframe_jitter_selected="#61c042"
        keyframe_movehold="#808080"
        keyframe_movehold_selected="#ffaf23"
        keyframe_generated="#585858"
        keyframe_generated_selected="#a28962"
        keyframe_border="#000000ff"
        keyframe_border_selected="#000000ff"
        keyframe_scale_factor="1"
        summary="#4d272766"
        preview_range="#a14d0066"
        interpolation_line="#94e575cc"
        simulated_frames="#721e65ff"
        >
        <space>
          <ThemeSpaceGeneric
            back="#2b2b2b"
            title="#eeeeee"
            text="#858585"
            text_hi="#ffffff"
            header="#444444ff"
            header_text="#eeeeee"
            header_text_hi="#ffffff"
            button="#444444ff"
            button_title="#ffffff"
            button_text="#e5e5e5"
            button_text_hi="#ffffff"
            navigation_bar="#00000000"
            execution_buts="#00000000"
            tab_active="#5285a6"
            tab_inactive="#444444"
            tab_back="#444444ff"
            tab_outline="#444444ff"
            >
            <panelcolors>
              <ThemePanelColors
                header="#5d5d5dcc"
                back="#444444b3"
                sub_back="#00000000"
                >
              </ThemePanelColors>
            </panelcolors>
          </ThemeSpaceGeneric>
        </space>
        <space_list>
          <ThemeSpaceListGeneric
            list="#444444"
            list_title="#ffffff"
            list_text="#b8b8b8"
            list_text_hi="#ffffff"
            >
          </ThemeSpaceListGeneric>
        </space_list>
      </ThemeDopeSheet>
    </dopesheet_editor>
    <image_editor>
      <ThemeImageEditor
        grid="#37373766"
        vertex="#000000"
        vertex_select="#ffff00"
        vertex_size="2"
        vertex_bevel="#000000"
        vertex_unreferenced="#000000"
        face="#ffffff05"
        face_select="#e4ac7980"
        face_mode_select="#00000000"
        face_dot="#5285a6"
        facedot_size="3"
        freestyle_face_mark="#7fff7f33"
        face_retopology="#00000000"
        face_back="#00000000"
        face_front="#00000000"
        editmesh_active="#ffffff80"
        wire_edit="#64dcff"
        edge_width="1"
        edge_select="#e4ac79"
        scope_back="#727272ff"
        preview_stitch_face="#7f7f0033"
        preview_stitch_edge="#ff00ff33"
        preview_stitch_vert="#0000ff33"
        preview_stitch_stitchable="#00ff00ff"
        preview_stitch_unstitchable="#ff0000ff"
        preview_stitch_active="#e1d2c323"
        uv_shadow="#707070ff"
        frame_current="#525252"
        metadatabg="#000000"
        metadatatext="#ffffff"
        handle_free="#000000"
        handle_auto="#909000"
        handle_align="#803060"
        handle_sel_free="#000000"
        handle_sel_auto="#f0ff40"
        handle_sel_align="#f090a0"
        handle_auto_clamped="#000000"
        handle_sel_auto_clamped="#000000"
        handle_vertex="#000000"
        handle_vertex_select="#ffff00"
        handle_vertex_size="5"
        paint_curve_handle="#7fff7f7f"
        paint_curve_pivot="#ff7f7f7f"
        >
        <space>
          <ThemeSpaceGeneric
            back="#5c5c5c"
            title="#eeeeee"
            text="#e6e6e6"
            text_hi="#ffffff"
            header="#444444ff"
            header_text="#eeeeee"
            header_text_hi="#ffffff"
            button="#35353500"
            button_title="#ffffff"
            button_text="#e5e5e5"
            button_text_hi="#ffffff"
            navigation_bar="#00000000"
            execution_buts="#00000000"
            tab_active="#5285a6"
            tab_inactive="#444444"
            tab_back="#444444ff"
            tab_outline="#444444ff"
            >
            <panelcolors>
              <ThemePanelColors
                header="#5d5d5dcc"
                back="#444444b3"
                sub_back="#00000000"
                >
              </ThemePanelColors>
            </panelcolors>
          </ThemeSpaceGeneric>
        </space>
        <asset_shelf>
          <ThemeAssetShelf
            header_back="#1d1d1dff"
            back="#303030ff"
            >
          </ThemeAssetShelf>
        </asset_shelf>
      </ThemeImageEditor>
    </image_editor>
    <sequence_editor>
      <ThemeSequenceEditor
        grid="#484848"
        window_sliders="#a0a0a0"
        movie_strip="#4d6890"
        movieclip_strip="#8f4c4c"
        image_strip="#8f744b"
        scene_strip="#828f50"
        audio_strip="#4c8f8f"
        effect_strip="#514a73"
        transition_strip="#50458f"
        color_strip="#8f8f8f"
        meta_strip="#5b4d91"
        mask_strip="#666666"
        text_strip="#824c8f"
        active_strip="#d9d9d9"
        selected_strip="#ff8f0d"
        frame_current="#525252"
        time_scrub_background="#292929e6"
        time_marker_line="#00000060"
        time_marker_line_selected="#ffffff60"
        keyframe="#5285a6"
        keyframe_selected="#ffbe33"
        keyframe_breakdown="#b3dbe8"
        keyframe_breakdown_selected="#54bfed"
        keyframe_movehold="#808080"
        keyframe_movehold_selected="#ffaf23"
        keyframe_generated="#000000"
        keyframe_generated_selected="#000000"
        keyframe_border="#000000ff"
        keyframe_border_selected="#000000ff"
        draw_action="#50c8ff"
        preview_back="#000000"
        metadatabg="#000000"
        metadatatext="#ffffff"
        preview_range="#a14d0066"
        row_alternate="#ffffff0d"
        >
        <space>
          <ThemeSpaceGeneric
            back="#373737"
            title="#ffffff"
            text="#858585"
            text_hi="#000000"
            header="#444444ff"
            header_text="#eeeeee"
            header_text_hi="#ffffff"
            button="#444444ff"
            button_title="#ffffff"
            button_text="#e5e5e5"
            button_text_hi="#ffffff"
            navigation_bar="#00000000"
            execution_buts="#00000000"
            tab_active="#5285a6"
            tab_inactive="#444444"
            tab_back="#444444ff"
            tab_outline="#444444ff"
            >
            <panelcolors>
              <ThemePanelColors
                header="#5d5d5dff"
                back="#444444ff"
                sub_back="#00000000"
                >
              </ThemePanelColors>
            </panelcolors>
          </ThemeSpaceGeneric>
        </space>
        <space_list>
          <ThemeSpaceListGeneric
            list="#444444"
            list_title="#ffffff"
            list_text="#ffffff"
            list_text_hi="#ffffff"
            >
          </ThemeSpaceListGeneric>
        </space_list>
      </ThemeSequenceEditor>
    </sequence_editor>
    <properties>
      <ThemeProperties
        match="#5680c2"
        active_modifier="#5680c2ff"
        >
        <space>
          <ThemeSpaceGeneric
            back="#444444"
            title="#d4d4d4"
            text="#e6e6e6"
            text_hi="#ffffff"
            header="#444444ff"
            header_text="#eeeeee"
            header_text_hi="#ffffff"
            button="#444444ff"
            button_title="#ffffff"
            button_text="#e5e5e5"
            button_text_hi="#ffffff"
            navigation_bar="#373737ff"
            execution_buts="#00000000"
            tab_active="#5285a6"
            tab_inactive="#444444"
            tab_back="#444444ff"
            tab_outline="#444444ff"
            >
            <panelcolors>
              <ThemePanelColors
                header="#5d5d5dcc"
                back="#494949ff"
                sub_back="#44444400"
                >
              </ThemePanelColors>
            </panelcolors>
          </ThemeSpaceGeneric>
        </space>
      </ThemeProperties>
    </properties>
    <text_editor>
      <ThemeTextEditor
        line_numbers="#d0d0d0"
        line_numbers_background="#313133"
        selected_text="#404040"
        cursor="#ff0000"
        syntax_builtin="#e62e67"
        syntax_symbols="#ff734d"
        syntax_special="#689d06"
        syntax_preprocessor="#9c73e6"
        syntax_reserved="#c4753b"
        syntax_comment="#939393"
        syntax_string="#e6d573"
        syntax_numbers="#48c5e6"
        >
        <space>
          <ThemeSpaceGeneric
            back="#2b2b2b"
            title="#eeeeee"
            text="#e6e6e6"
            text_hi="#ffffff"
            header="#44444400"
            header_text="#eeeeee"
            header_text_hi="#ffffff"
            button="#444444ff"
            button_title="#ffffff"
            button_text="#e5e5e5"
            button_text_hi="#ffffff"
            navigation_bar="#00000000"
            execution_buts="#00000000"
            tab_active="#5285a6"
            tab_inactive="#444444"
            tab_back="#444444ff"
            tab_outline="#444444ff"
            >
            <panelcolors>
              <ThemePanelColors
                header="#5d5d5d00"
                back="#444444b3"
                sub_back="#00000000"
                >
              </ThemePanelColors>
            </panelcolors>
          </ThemeSpaceGeneric>
        </space>
      </ThemeTextEditor>
    </text_editor>
    <node_editor>
      <ThemeNodeEditor
        grid="#484848"
        node_selected="#38808a"
        node_active="#43fca2"
        wire="#2f2f2fff"
        wire_inner="#7a996b"
        wire_select="#ffff00b3"
        selected_text="#7f7070"
        node_backdrop="#565656ff"
        converter_node="#12adff"
        color_node="#cccc00"
        group_node="#3b660a"
        group_socket_node="#000000"
        frame_node="#0f0f0fcc"
        matte_node="#973c3c"
        distor_node="#4c9797"
        noodle_curving="4"
        grid_levels="3"
        dash_alpha="0.5"
        input_node="#ff3371"
        output_node="#4d0017"
        filter_node="#551a80"
        vector_node="#4d4dff"
        texture_node="#e66800"
        shader_node="#24b524"
        script_node="#084d4d"
        pattern_node="#6c696f"
        layout_node="#6c696f"
        geometry_node="#00d6a3"
        attribute_node="#001566"
        simulation_zone="#66416233"
        repeat_zone="#76512f33"
        >
        <space>
          <ThemeSpaceGeneric
            back="#2f2f2f"
            title="#eeeeee"
            text="#e6e6e6"
            text_hi="#ffffff"
            header="#444444ff"
            header_text="#eeeeee"
            header_text_hi="#ffffff"
            button="#44444400"
            button_title="#ffffff"
            button_text="#e5e5e5"
            button_text_hi="#ffffff"
            navigation_bar="#00000000"
            execution_buts="#00000000"
            tab_active="#5285a6"
            tab_inactive="#444444"
            tab_back="#444444ff"
            tab_outline="#444444ff"
            >
            <panelcolors>
              <ThemePanelColors
                header="#5d5d5dcc"
                back="#444444b3"
                sub_back="#00000000"
                >
              </ThemePanelColors>
            </panelcolors>
          </ThemeSpaceGeneric>
        </space>
        <space_list>
          <ThemeSpaceListGeneric
            list="#444444"
            list_title="#ffffff"
            list_text="#cccccc"
            list_text_hi="#ffffff"
            >
          </ThemeSpaceListGeneric>
        </space_list>
      </ThemeNodeEditor>
    </node_editor>
    <outliner>
      <ThemeOutliner
        match="#337f33"
        selected_highlight="#5285a6"
        active="#5285a6"
        selected_object="#ffffff"
        active_object="#43ffa3"
        edited_object="#00806266"
        row_alternate="#ffffff07"
        >
        <space>
          <ThemeSpaceGeneric
            back="#444444"
            title="#ffffff"
            text="#e5e5e5"
            text_hi="#ffffff"
            header="#444444ff"
            header_text="#eeeeee"
            header_text_hi="#ffffff"
            button="#444444ff"
            button_title="#ffffff"
            button_text="#e5e5e5"
            button_text_hi="#ffffff"
            navigation_bar="#00000000"
            execution_buts="#00000000"
            tab_active="#5285a6"
            tab_inactive="#444444"
            tab_back="#444444ff"
            tab_outline="#444444ff"
            >
            <panelcolors>
              <ThemePanelColors
                header="#5d5d5dcc"
                back="#444444b3"
                sub_back="#00000000"
                >
              </ThemePanelColors>
            </panelcolors>
          </ThemeSpaceGeneric>
        </space>
      </ThemeOutliner>
    </outliner>
    <info>
      <ThemeInfo
        info_selected="#5285a6"
        info_selected_text="#ffffff"
        info_error="#b34c34ff"
        info_error_text="#ffffff"
        info_warning="#ac8737ff"
        info_warning_text="#ffffff"
        info_info="#1f3862ff"
        info_info_text="#ffffff"
        info_debug="#6b3293ff"
        info_debug_text="#ffffff"
        info_property="#236666ff"
        info_property_text="#ffffff"
        info_operator="#235266ff"
        info_operator_text="#ffffff"
        >
        <space>
          <ThemeSpaceGeneric
            back="#2b2b2b"
            title="#eeeeee"
            text="#e6e6e6"
            text_hi="#ffffff"
            header="#444444ff"
            header_text="#eeeeee"
            header_text_hi="#ffffff"
            button="#444444ff"
            button_title="#ffffff"
            button_text="#e5e5e5"
            button_text_hi="#ffffff"
            navigation_bar="#00000000"
            execution_buts="#00000000"
            tab_active="#5285a6"
            tab_inactive="#444444"
            tab_back="#444444ff"
            tab_outline="#444444ff"
            >
            <panelcolors>
              <ThemePanelColors
                header="#5d5d5dcc"
                back="#444444b3"
                sub_back="#00000000"
                >
              </ThemePanelColors>
            </panelcolors>
          </ThemeSpaceGeneric>
        </space>
      </ThemeInfo>
    </info>
    <preferences>
      <ThemePreferences>
        <space>
          <ThemeSpaceGeneric
            back="#444444"
            title="#eeeeee"
            text="#e6e6e6"
            text_hi="#ffffff"
            header="#444444ff"
            header_text="#eeeeee"
            header_text_hi="#ffffff"
            button="#444444ff"
            button_title="#ffffff"
            button_text="#e5e5e5"
            button_text_hi="#ffffff"
            navigation_bar="#444444ff"
            execution_buts="#444444ff"
            tab_active="#5285a6"
            tab_inactive="#444444"
            tab_back="#444444ff"
            tab_outline="#444444ff"
            >
            <panelcolors>
              <ThemePanelColors
                header="#5d5d5dcc"
                back="#494949ff"
                sub_back="#00000000"
                >
              </ThemePanelColors>
            </panelcolors>
          </ThemeSpaceGeneric>
        </space>
      </ThemePreferences>
    </preferences>
    <console>
      <ThemeConsole
        line_output="#5285a6"
        line_input="#f2f2f2"
        line_info="#95d600"
        line_error="#ff4d84"
        cursor="#ff0000"
        select="#ffffff30"
        >
        <space>
          <ThemeSpaceGeneric
            back="#2b2b2b"
            title="#eeeeee"
            text="#e6e6e6"
            text_hi="#ffffff"
            header="#444444ff"
            header_text="#eeeeee"
            header_text_hi="#ffffff"
            button="#444444ff"
            button_title="#ffffff"
            button_text="#e5e5e5"
            button_text_hi="#ffffff"
            navigation_bar="#00000000"
            execution_buts="#00000000"
            tab_active="#5285a6"
            tab_inactive="#444444"
            tab_back="#444444ff"
            tab_outline="#444444ff"
            >
            <panelcolors>
              <ThemePanelColors
                header="#5d5d5dcc"
                back="#444444b3"
                sub_back="#00000000"
                >
              </ThemePanelColors>
            </panelcolors>
          </ThemeSpaceGeneric>
        </space>
      </ThemeConsole>
    </console>
    <clip_editor>
      <ThemeClipEditor
        grid="#424242ff"
        marker_outline="#000000"
        marker="#7f7f00"
        active_marker="#ffffff"
        selected_marker="#ffff00"
        disabled_marker="#7f0000"
        locked_marker="#7f7f7f"
        path_before="#ff0000"
        path_after="#0000ff"
        path_keyframe_before="#ffc4c4"
        path_keyframe_after="#c4c4ff"
        frame_current="#525252"
        time_scrub_background="#292929e6"
        time_marker_line="#00000060"
        time_marker_line_selected="#ffffff60"
        strips="#0c0a0a"
        strips_selected="#5285a6"
        metadatabg="#000000"
        metadatatext="#ffffff"
        handle_free="#000000"
        handle_auto="#909000"
        handle_align="#803060"
        handle_sel_free="#000000"
        handle_sel_auto="#f0ff40"
        handle_sel_align="#f090a0"
        handle_auto_clamped="#994030"
        handle_sel_auto_clamped="#f0af90"
        handle_vertex="#000000"
        handle_vertex_select="#ff8500"
        handle_vertex_size="5"
        >
        <space>
          <ThemeSpaceGeneric
            back="#444444"
            title="#eeeeee"
            text="#e6e6e6"
            text_hi="#ffffff"
            header="#444444ff"
            header_text="#eeeeee"
            header_text_hi="#ffffff"
            button="#444444ff"
            button_title="#ffffff"
            button_text="#e5e5e5"
            button_text_hi="#ffffff"
            navigation_bar="#00000000"
            execution_buts="#00000000"
            tab_active="#5285a6"
            tab_inactive="#444444"
            tab_back="#444444ff"
            tab_outline="#444444ff"
            >
            <panelcolors>
              <ThemePanelColors
                header="#5d5d5dcc"
                back="#444444b3"
                sub_back="#00000000"
                >
              </ThemePanelColors>
            </panelcolors>
          </ThemeSpaceGeneric>
        </space>
        <space_list>
          <ThemeSpaceListGeneric
            list="#666666"
            list_title="#000000"
            list_text="#000000"
            list_text_hi="#ffffff"
            >
          </ThemeSpaceListGeneric>
        </space_list>
      </ThemeClipEditor>
    </clip_editor>
    <topbar>
      <ThemeTopBar>
        <space>
          <ThemeSpaceGeneric
            back="#444444"
            title="#ffffff"
            text="#e6e6e6"
            text_hi="#ffffff"
            header="#373737ff"
            header_text="#eeeeee"
            header_text_hi="#ffffff"
            button="#444444ff"
            button_title="#ffffff"
            button_text="#e5e5e5"
            button_text_hi="#ffffff"
            navigation_bar="#00000000"
            execution_buts="#00000000"
            tab_active="#5285a6"
            tab_inactive="#444444"
            tab_back="#444444ff"
            tab_outline="#444444ff"
            >
            <panelcolors>
              <ThemePanelColors
                header="#5d5d5dcc"
                back="#444444b3"
                sub_back="#00000000"
                >
              </ThemePanelColors>
            </panelcolors>
          </ThemeSpaceGeneric>
        </space>
      </ThemeTopBar>
    </topbar>
    <statusbar>
      <ThemeStatusBar>
        <space>
          <ThemeSpaceGeneric
            back="#444444"
            title="#ffffff"
            text="#838383"
            text_hi="#ffffff"
            header="#444444ff"
            header_text="#aaaaaa"
            header_text_hi="#ffffff"
            button="#353535ff"
            button_title="#000000"
            button_text="#000000"
            button_text_hi="#ffffff"
            navigation_bar="#00000000"
            execution_buts="#00000000"
            tab_active="#5285a6"
            tab_inactive="#444444"
            tab_back="#444444ff"
            tab_outline="#444444ff"
            >
            <panelcolors>
              <ThemePanelColors
                header="#5d5d5dcc"
                back="#444444b3"
                sub_back="#00000000"
                >
              </ThemePanelColors>
            </panelcolors>
          </ThemeSpaceGeneric>
        </space>
      </ThemeStatusBar>
    </statusbar>
    <spreadsheet>
      <ThemeSpreadsheet
        row_alternate="#ffffff07"
        >
        <space>
          <ThemeSpaceGeneric
            back="#444444"
            title="#d4d4d4"
            text="#e6e6e6"
            text_hi="#ffffff"
            header="#444444ff"
            header_text="#eeeeee"
            header_text_hi="#ffffff"
            button="#444444ff"
            button_title="#ffffff"
            button_text="#e5e5e5"
            button_text_hi="#ffffff"
            navigation_bar="#373737ff"
            execution_buts="#00000000"
            tab_active="#5285a6"
            tab_inactive="#444444"
            tab_back="#444444ff"
            tab_outline="#444444ff"
            >
            <panelcolors>
              <ThemePanelColors
                header="#5d5d5dcc"
                back="#333333b3"
                sub_back="#0000003e"
                >
              </ThemePanelColors>
            </panelcolors>
          </ThemeSpaceGeneric>
        </space>
        <space_list>
          <ThemeSpaceListGeneric
            list="#424242"
            list_title="#c3c3c3"
            list_text="#c3c3c3"
            list_text_hi="#ffaf23"
            >
          </ThemeSpaceListGeneric>
        </space_list>
      </ThemeSpreadsheet>
    </spreadsheet>
    <bone_color_sets>
      <ThemeBoneColorSet
        normal="#9a0000"
        select="#bd1111"
        active="#f70a0a"
        show_colored_constraints="FALSE"
        >
      </ThemeBoneColorSet>
      <ThemeBoneColorSet
        normal="#f74018"
        select="#f66913"
        active="#fa9900"
        show_colored_constraints="FALSE"
        >
      </ThemeBoneColorSet>
      <ThemeBoneColorSet
        normal="#1e9109"
        select="#59b70b"
        active="#83ef1d"
        show_colored_constraints="FALSE"
        >
      </ThemeBoneColorSet>
      <ThemeBoneColorSet
        normal="#0a3694"
        select="#3667df"
        active="#5ec1ef"
        show_colored_constraints="FALSE"
        >
      </ThemeBoneColorSet>
      <ThemeBoneColorSet
        normal="#a9294e"
        select="#c1416a"
        active="#f05d91"
        show_colored_constraints="FALSE"
        >
      </ThemeBoneColorSet>
      <ThemeBoneColorSet
        normal="#430c78"
        select="#543aa3"
        active="#8764d5"
        show_colored_constraints="FALSE"
        >
      </ThemeBoneColorSet>
      <ThemeBoneColorSet
        normal="#24785a"
        select="#3c9579"
        active="#6fb6ab"
        show_colored_constraints="FALSE"
        >
      </ThemeBoneColorSet>
      <ThemeBoneColorSet
        normal="#4b707c"
        select="#6a8691"
        active="#9bc2cd"
        show_colored_constraints="FALSE"
        >
      </ThemeBoneColorSet>
      <ThemeBoneColorSet
        normal="#f4c90c"
        select="#eec236"
        active="#f3ff00"
        show_colored_constraints="FALSE"
        >
      </ThemeBoneColorSet>
      <ThemeBoneColorSet
        normal="#1e2024"
        select="#484c56"
        active="#ffffff"
        show_colored_constraints="FALSE"
        >
      </ThemeBoneColorSet>
      <ThemeBoneColorSet
        normal="#6f2f6a"
        select="#9845be"
        active="#d330d6"
        show_colored_constraints="FALSE"
        >
      </ThemeBoneColorSet>
      <ThemeBoneColorSet
        normal="#6c8e22"
        select="#7fb022"
        active="#bbef5b"
        show_colored_constraints="FALSE"
        >
      </ThemeBoneColorSet>
      <ThemeBoneColorSet
        normal="#8d8d8d"
        select="#b0b0b0"
        active="#dedede"
        show_colored_constraints="FALSE"
        >
      </ThemeBoneColorSet>
      <ThemeBoneColorSet
        normal="#834326"
        select="#8b5811"
        active="#bd6a11"
        show_colored_constraints="FALSE"
        >
      </ThemeBoneColorSet>
      <ThemeBoneColorSet
        normal="#08310e"
        select="#1c430b"
        active="#34622b"
        show_colored_constraints="FALSE"
        >
      </ThemeBoneColorSet>
      <ThemeBoneColorSet
        normal="#000000"
        select="#000000"
        active="#000000"
        show_colored_constraints="FALSE"
        >
      </ThemeBoneColorSet>
      <ThemeBoneColorSet
        normal="#000000"
        select="#000000"
        active="#000000"
        show_colored_constraints="FALSE"
        >
      </ThemeBoneColorSet>
      <ThemeBoneColorSet
        normal="#000000"
        select="#000000"
        active="#000000"
        show_colored_constraints="FALSE"
        >
      </ThemeBoneColorSet>
      <ThemeBoneColorSet
        normal="#000000"
        select="#000000"
        active="#000000"
        show_colored_constraints="FALSE"
        >
      </ThemeBoneColorSet>
      <ThemeBoneColorSet
        normal="#000000"
        select="#000000"
        active="#000000"
        show_colored_constraints="FALSE"
        >
      </ThemeBoneColorSet>
    </bone_color_sets>
    <collection_color>
      <ThemeCollectionColor
        color="#e2605b"
        >
      </ThemeCollectionColor>
      <ThemeCollectionColor
        color="#f1a355"
        >
      </ThemeCollectionColor>
      <ThemeCollectionColor
        color="#f1dc55"
        >
      </ThemeCollectionColor>
      <ThemeCollectionColor
        color="#7bcc7b"
        >
      </ThemeCollectionColor>
      <ThemeCollectionColor
        color="#5db6ea"
        >
      </ThemeCollectionColor>
      <ThemeCollectionColor
        color="#8d59da"
        >
      </ThemeCollectionColor>
      <ThemeCollectionColor
        color="#c673b8"
        >
      </ThemeCollectionColor>
      <ThemeCollectionColor
        color="#7a5441"
        >
      </ThemeCollectionColor>
    </collection_color>
    <strip_color>
      <ThemeStripColor
        color="#e2605b"
        >
      </ThemeStripColor>
      <ThemeStripColor
        color="#f1a355"
        >
      </ThemeStripColor>
      <ThemeStripColor
        color="#f1dc55"
        >
      </ThemeStripColor>
      <ThemeStripColor
        color="#7bcc7b"
        >
      </ThemeStripColor>
      <ThemeStripColor
        color="#5db6ea"
        >
      </ThemeStripColor>
      <ThemeStripColor
        color="#8d59da"
        >
      </ThemeStripColor>
      <ThemeStripColor
        color="#c673b8"
        >
      </ThemeStripColor>
      <ThemeStripColor
        color="#7a5441"
        >
      </ThemeStripColor>
      <ThemeStripColor
        color="#5f5f5f"
        >
      </ThemeStripColor>
    </strip_color>
  </Theme>
  <ThemeStyle>
    <panel_title>
      <ThemeFontStyle
        points="11"
        character_weight="400"
        shadow="0"
        shadow_offset_x="0"
        shadow_offset_y="-1"
        shadow_alpha="0"
        shadow_value="0"
        >
      </ThemeFontStyle>
    </panel_title>
    <widget_label>
      <ThemeFontStyle
        points="11"
        character_weight="400"
        shadow="0"
        shadow_offset_x="0"
        shadow_offset_y="-1"
        shadow_alpha="0"
        shadow_value="0"
        >
      </ThemeFontStyle>
    </widget_label>
    <widget>
      <ThemeFontStyle
        points="11"
        character_weight="400"
        shadow="0"
        shadow_offset_x="0"
        shadow_offset_y="-1"
        shadow_alpha="0"
        shadow_value="0"
        >
      </ThemeFontStyle>
    </widget>
  </ThemeStyle>
</bpy>
