<bpy>
  <Theme>
    <user_interface>
      <ThemeUserInterface
        menu_shadow_fac="0.05"
        menu_shadow_width="16"
        icon_alpha="1"
        icon_saturation="0.5"
        widget_emboss="#00000001"
        editor_border="#f7d0df"
        editor_outline="#f7d0df15"
        editor_outline_active="#ffffff2a"
        widget_text_cursor="#3399e6"
        panel_roundness="0.4"
        transparent_checker_primary="#e4e4e4"
        transparent_checker_secondary="#d8d8d8"
        transparent_checker_size="8"
        axis_x="#ff3352"
        axis_y="#8bdc00"
        axis_z="#2890ff"
        gizmo_hi="#2e2e2e"
        gizmo_primary="#f5f14d"
        gizmo_secondary="#63ffff"
        gizmo_view_align="#ffffff"
        gizmo_a="#4da84d"
        gizmo_b="#a33535"
        icon_scene="#5c0a29ff"
        icon_collection="#5c0a29ff"
        icon_object="#da8100ff"
        icon_object_data="#00d4a3ff"
        icon_modifier="#0083daff"
        icon_shading="#da003cff"
        icon_folder="#5c0a29ff"
        icon_autokey="#ab3c48ff"
        icon_border_intensity="0.1"
        >
        <wcol_regular>
          <ThemeWidgetColors
            outline="#f4bad0ff"
            inner="#fae2ebff"
            inner_sel="#e35289ff"
            item="#b63a69ff"
            text="#5c0a29"
            text_sel="#ffffff"
            show_shaded="FALSE"
            shadetop="0"
            shadedown="0"
            roundness="0.4"
            >
          </ThemeWidgetColors>
        </wcol_regular>
        <wcol_tool>
          <ThemeWidgetColors
            outline="#f4bad0ff"
            inner="#fae2ebff"
            inner_sel="#b63a69ff"
            item="#fae2ebff"
            text="#5c0a29"
            text_sel="#ffffff"
            show_shaded="FALSE"
            shadetop="0"
            shadedown="0"
            roundness="0.4"
            >
          </ThemeWidgetColors>
        </wcol_tool>
        <wcol_toolbar_item>
          <ThemeWidgetColors
            outline="#f4bad0ff"
            inner="#fae2ebff"
            inner_sel="#e35289ff"
            item="#5c0a29ff"
            text="#5c0a29"
            text_sel="#ffffff"
            show_shaded="FALSE"
            shadetop="0"
            shadedown="0"
            roundness="0.4"
            >
          </ThemeWidgetColors>
        </wcol_toolbar_item>
        <wcol_radio>
          <ThemeWidgetColors
            outline="#f1a3c0ff"
            inner="#fae2ebff"
            inner_sel="#b63a69ff"
            item="#fae2ebff"
            text="#5c0a29"
            text_sel="#ffffff"
            show_shaded="FALSE"
            shadetop="0"
            shadedown="0"
            roundness="0.4"
            >
          </ThemeWidgetColors>
        </wcol_radio>
        <wcol_text>
          <ThemeWidgetColors
            outline="#f4bad0ff"
            inner="#fae2ebff"
            inner_sel="#f7d0dfff"
            item="#ed8cb0ff"
            text="#5c0a29"
            text_sel="#020202"
            show_shaded="FALSE"
            shadetop="0"
            shadedown="0"
            roundness="0.4"
            >
          </ThemeWidgetColors>
        </wcol_text>
        <wcol_option>
          <ThemeWidgetColors
            outline="#f4bad0ff"
            inner="#fcedf3ff"
            inner_sel="#b63a69ff"
            item="#ffffffff"
            text="#5c0a29"
            text_sel="#020202"
            show_shaded="FALSE"
            shadetop="0"
            shadedown="0"
            roundness="0.4"
            >
          </ThemeWidgetColors>
        </wcol_option>
        <wcol_toggle>
          <ThemeWidgetColors
            outline="#f4bad0ff"
            inner="#fae2ebff"
            inner_sel="#b63a69ff"
            item="#fae2ebff"
            text="#5c0a29"
            text_sel="#ffffff"
            show_shaded="FALSE"
            shadetop="0"
            shadedown="0"
            roundness="0.4"
            >
          </ThemeWidgetColors>
        </wcol_toggle>
        <wcol_num>
          <ThemeWidgetColors
            outline="#f4bad0ff"
            inner="#fae2ebff"
            inner_sel="#f7d0dfff"
            item="#ed8cb0ff"
            text="#5c0a29"
            text_sel="#020202"
            show_shaded="FALSE"
            shadetop="0"
            shadedown="0"
            roundness="0.4"
            >
          </ThemeWidgetColors>
        </wcol_num>
        <wcol_numslider>
          <ThemeWidgetColors
            outline="#f4bad0ff"
            inner="#fae2ebff"
            inner_sel="#ffffffff"
            item="#e35289ff"
            text="#5c0a29"
            text_sel="#020202"
            show_shaded="FALSE"
            shadetop="0"
            shadedown="0"
            roundness="0.4"
            >
          </ThemeWidgetColors>
        </wcol_numslider>
        <wcol_box>
          <ThemeWidgetColors
            outline="#f4bad0ff"
            inner="#f4bad0ff"
            inner_sel="#b63a69ff"
            item="#fae2ebff"
            text="#5c0a29"
            text_sel="#ffffff"
            show_shaded="FALSE"
            shadetop="0"
            shadedown="0"
            roundness="0.4"
            >
          </ThemeWidgetColors>
        </wcol_box>
        <wcol_menu>
          <ThemeWidgetColors
            outline="#f4bad0ff"
            inner="#fae2ebff"
            inner_sel="#b63a69ff"
            item="#5c0a29ff"
            text="#5c0a29"
            text_sel="#ffffff"
            show_shaded="FALSE"
            shadetop="0"
            shadedown="0"
            roundness="0.4"
            >
          </ThemeWidgetColors>
        </wcol_menu>
        <wcol_pulldown>
          <ThemeWidgetColors
            outline="#f4bad000"
            inner="#fae2ebff"
            inner_sel="#b63a69ff"
            item="#fae2ebff"
            text="#5c0a29"
            text_sel="#ffffff"
            show_shaded="FALSE"
            shadetop="0"
            shadedown="0"
            roundness="0.4"
            >
          </ThemeWidgetColors>
        </wcol_pulldown>
        <wcol_menu_back>
          <ThemeWidgetColors
            outline="#f4bad0ff"
            inner="#f7d0dff0"
            inner_sel="#f1a3c0ff"
            item="#ed8cb0ff"
            text="#5c0a29"
            text_sel="#000000"
            show_shaded="FALSE"
            shadetop="0"
            shadedown="0"
            roundness="1"
            >
          </ThemeWidgetColors>
        </wcol_menu_back>
        <wcol_pie_menu>
          <ThemeWidgetColors
            outline="#ffffffff"
            inner="#f7d0dfe0"
            inner_sel="#b63a69e0"
            item="#b63a69ff"
            text="#5c0a29"
            text_sel="#ffffff"
            show_shaded="FALSE"
            shadetop="0"
            shadedown="0"
            roundness="0.4"
            >
          </ThemeWidgetColors>
        </wcol_pie_menu>
        <wcol_tooltip>
          <ThemeWidgetColors
            outline="#ffffffff"
            inner="#f7d0dfe0"
            inner_sel="#b63a69e0"
            item="#b63a69ff"
            text="#000000"
            text_sel="#ffffff"
            show_shaded="FALSE"
            shadetop="0"
            shadedown="0"
            roundness="0.4"
            >
          </ThemeWidgetColors>
        </wcol_tooltip>
        <wcol_menu_item>
          <ThemeWidgetColors
            outline="#f4bad000"
            inner="#fae2eb00"
            inner_sel="#b63a69ff"
            item="#5c0a29ff"
            text="#5c0a29"
            text_sel="#ffffff"
            show_shaded="FALSE"
            shadetop="0"
            shadedown="0"
            roundness="0.4"
            >
          </ThemeWidgetColors>
        </wcol_menu_item>
        <wcol_scroll>
          <ThemeWidgetColors
            outline="#f4bad0ff"
            inner="#f1a3c0ff"
            inner_sel="#00000000"
            item="#e35289ff"
            text="#5c0a29"
            text_sel="#ffffff"
            show_shaded="FALSE"
            shadetop="0"
            shadedown="0"
            roundness="1"
            >
          </ThemeWidgetColors>
        </wcol_scroll>
        <wcol_progress>
          <ThemeWidgetColors
            outline="#f4bad0ff"
            inner="#f7d0dfff"
            inner_sel="#b63a69ff"
            item="#b63a69ff"
            text="#5c0a29"
            text_sel="#ffffff"
            show_shaded="FALSE"
            shadetop="0"
            shadedown="0"
            roundness="0.4"
            >
          </ThemeWidgetColors>
        </wcol_progress>
        <wcol_list_item>
          <ThemeWidgetColors
            outline="#f4bad0ff"
            inner="#fae2eb00"
            inner_sel="#e35289ff"
            item="#fae2ebff"
            text="#5c0a29"
            text_sel="#ffffff"
            show_shaded="FALSE"
            shadetop="0"
            shadedown="0"
            roundness="0.4"
            >
          </ThemeWidgetColors>
        </wcol_list_item>
        <wcol_state>
          <ThemeWidgetStateColors
            error="#771111ff"
            warning="#ac8737ff"
            info="#28487dff"
            success="#188625ff"
            inner_anim="#53992e"
            inner_anim_sel="#5aa633"
            inner_key="#b3ae36"
            inner_key_sel="#d7d34b"
            inner_driven="#9000cc"
            inner_driven_sel="#9900e6"
            inner_overridden="#19c3c3"
            inner_overridden_sel="#118f8f"
            inner_changed="#cc7529"
            inner_changed_sel="#d26400"
            blend="0.5"
            >
          </ThemeWidgetStateColors>
        </wcol_state>
        <wcol_tab>
          <ThemeWidgetColors
            outline="#f4bad0ff"
            inner="#fae2ebff"
            inner_sel="#e35289ff"
            item="#fae2ebff"
            text="#5c0a29"
            text_sel="#ffffff"
            show_shaded="FALSE"
            shadetop="0"
            shadedown="0"
            roundness="0.4"
            >
          </ThemeWidgetColors>
        </wcol_tab>
      </ThemeUserInterface>
    </user_interface>
    <view_3d>
      <ThemeView3D
        grid="#80808050"
        clipping_border_3d="#313131ff"
        wire="#000000"
        wire_edit="#111111"
        edge_width="1"
        gp_vertex="#000000"
        gp_vertex_select="#ff8500"
        gp_vertex_size="3"
        text_grease_pencil="#b5e61d"
        object_selected="#ed5700"
        object_active="#ffa028"
        text_keyframe="#ddd700"
        camera="#000000"
        empty="#000000"
        light="#00000028"
        speaker="#000000"
        vertex="#000000"
        vertex_select="#ff7a00"
        vertex_size="3"
        vertex_bevel="#00a5ff"
        vertex_unreferenced="#000000"
        edge_select="#ffa000"
        edge_mode_select="#ffd800"
        edge_seam="#db2512"
        edge_sharp="#00ffff"
        edge_crease="#cc0099"
        edge_bevel="#00a5ff"
        edge_facesel="#4b4b4b"
        freestyle_edge_mark="#7fff7f"
        face="#00000012"
        face_select="#ffa5522e"
        face_mode_select="#ffb70033"
        face_dot="#ff8a00"
        facedot_size="3"
        freestyle_face_mark="#7fff7f33"
        face_retopology="#50c8ff0f"
        face_back="#ff0000b3"
        face_front="#0000ff00"
        nurb_uline="#909000"
        nurb_vline="#803060"
        nurb_sel_uline="#f0ff40"
        nurb_sel_vline="#f090a0"
        act_spline="#db2512"
        handle_free="#000000"
        handle_auto="#909000"
        handle_vect="#409030"
        handle_sel_vect="#40c030"
        handle_align="#803060"
        handle_sel_free="#000000"
        handle_sel_auto="#f0ff40"
        handle_sel_align="#f090a0"
        lastsel_point="#2e2e2e"
        extra_edge_len="#150806"
        extra_edge_angle="#4d4d00"
        extra_face_angle="#0000cc"
        extra_face_area="#004d00"
        editmesh_active="#ffffff80"
        normal="#22dddd"
        vertex_normal="#2361dd"
        split_normal="#dd23dd"
        bone_pose="#50c8ff"
        bone_pose_active="#8cffff"
        bone_solid="#c8c8c8"
        bone_locked_weight="#ff000080"
        frame_current="#60c040"
        before_current_frame="#f22e23"
        after_current_frame="#78f244"
        bundle_solid="#c8c8c8"
        camera_path="#000000"
        camera_passepartout="#000000"
        skin_root="#b44d4d"
        view_overlay="#ffffff"
        transform="#2e2e2e"
        paint_curve_handle="#7fff7f7f"
        paint_curve_pivot="#ff7f7f7f"
        outline_width="1"
        object_origin_size="6"
        >
        <space>
          <ThemeSpaceGradient
            title="#5c0a29"
            text="#5c0a29"
            text_hi="#ffffff"
            header="#f5c1d500"
            header_text="#5c0a29"
            header_text_hi="#ffffff"
            button="#f7d0df00"
            button_title="#5c0a29"
            button_text="#5c0a29"
            button_text_hi="#5c0a29"
            navigation_bar="#f7c4d7ff"
            execution_buts="#f7c4d7ff"
            tab_active="#ed8cb0"
            tab_inactive="#f7d0df"
            tab_back="#f4bad0ff"
            tab_outline="#ed8cb0ff"
            >
            <gradients>
              <ThemeGradientColors
                background_type="SINGLE_COLOR"
                high_gradient="#fae2eb"
                gradient="#f4bad0"
                >
              </ThemeGradientColors>
            </gradients>
            <panelcolors>
              <ThemePanelColors
                header="#f8d4e2ff"
                back="#f8d4e2ff"
                sub_back="#00000010"
                >
              </ThemePanelColors>
            </panelcolors>
          </ThemeSpaceGradient>
        </space>
        <asset_shelf>
          <ThemeAssetShelf
            header_back="#1d1d1dff"
            back="#303030ff"
            >
          </ThemeAssetShelf>
        </asset_shelf>
      </ThemeView3D>
    </view_3d>
    <graph_editor>
      <ThemeGraphEditor
        grid="#f1a3c0"
        frame_current="#b63a69"
        time_scrub_background="#e3528933"
        time_marker_line="#00000060"
        time_marker_line_selected="#ffffff60"
        window_sliders="#969696"
        channels_region="#f7c4d7"
        dopesheet_channel="#ed8cb0"
        dopesheet_subchannel="#ed8cb0"
        channel_group="#ed8cb0"
        active_channels_group="#216d5b"
        preview_range="#00000050"
        vertex="#b63a69"
        vertex_select="#ff8500"
        vertex_active="#ffffff"
        vertex_size="10"
        vertex_bevel="#000000"
        vertex_unreferenced="#000000"
        handle_free="#b63a69"
        handle_auto="#909000"
        handle_vect="#409030"
        handle_sel_vect="#40c030"
        handle_align="#803060"
        handle_sel_free="#000000"
        handle_sel_auto="#f0ff40"
        handle_sel_align="#f090a0"
        handle_auto_clamped="#994030"
        handle_sel_auto_clamped="#f0af90"
        lastsel_point="#2e2e2e"
        handle_vertex="#b63a69"
        handle_vertex_select="#ff8500"
        handle_vertex_size="8"
        >
        <space>
          <ThemeSpaceGeneric
            back="#f7c4d7"
            title="#5c0a29"
            text="#5c0a29"
            text_hi="#ffffff"
            header="#f5c1d5ff"
            header_text="#5c0a29"
            header_text_hi="#ffffff"
            button="#f7d0df00"
            button_title="#5c0a29"
            button_text="#5c0a29"
            button_text_hi="#5c0a29"
            navigation_bar="#f7c4d7ff"
            execution_buts="#f7c4d7ff"
            tab_active="#ed8cb0"
            tab_inactive="#f7d0df"
            tab_back="#f4bad0ff"
            tab_outline="#ed8cb0ff"
            >
            <panelcolors>
              <ThemePanelColors
                header="#f8d4e2ff"
                back="#f8d4e2ff"
                sub_back="#00000010"
                >
              </ThemePanelColors>
            </panelcolors>
          </ThemeSpaceGeneric>
        </space>
        <space_list>
          <ThemeSpaceListGeneric
            list="#f7d0df"
            list_title="#5c0a29"
            list_text="#505050"
            list_text_hi="#020202"
            >
          </ThemeSpaceListGeneric>
        </space_list>
      </ThemeGraphEditor>
    </graph_editor>
    <file_browser>
      <ThemeFileBrowser
        selected_file="#b63a69"
        row_alternate="#00000005"
        >
        <space>
          <ThemeSpaceGeneric
            back="#f7c4d7"
            title="#5c0a29"
            text="#5c0a29"
            text_hi="#ffffff"
            header="#f5c1d5ff"
            header_text="#5c0a29"
            header_text_hi="#ffffff"
            button="#f4bad000"
            button_title="#5c0a29"
            button_text="#5c0a29"
            button_text_hi="#5c0a29"
            navigation_bar="#f7c4d7ff"
            execution_buts="#f7c4d7ff"
            tab_active="#ed8cb0"
            tab_inactive="#f7d0df"
            tab_back="#f4bad0ff"
            tab_outline="#ed8cb0ff"
            >
            <panelcolors>
              <ThemePanelColors
                header="#f8d4e2ff"
                back="#f8d4e2ff"
                sub_back="#00000010"
                >
              </ThemePanelColors>
            </panelcolors>
          </ThemeSpaceGeneric>
        </space>
      </ThemeFileBrowser>
    </file_browser>
    <nla_editor>
      <ThemeNLAEditor
        grid="#f1a3c0"
        view_sliders="#ed8cb0"
        dopesheet_channel="#ed8cb0"
        dopesheet_subchannel="#7d98b3"
        nla_track="#ed8cb0"
        active_action="#ed8cb050"
        active_action_unset="#ed8cb050"
        preview_range="#00000050"
        strips="#546e7a"
        strips_selected="#ff8c00"
        transition_strips="#d81b60"
        transition_strips_selected="#2e75db"
        meta_strips="#c0ca33"
        meta_strips_selected="#692196"
        sound_strips="#2b3d3d"
        sound_strips_selected="#1f7a7a"
        tweak="#4df31a"
        tweak_duplicate="#d90000"
        keyframe_border="#000000ff"
        keyframe_border_selected="#ffffffff"
        frame_current="#b63a69"
        time_scrub_background="#e3528933"
        time_marker_line="#00000060"
        time_marker_line_selected="#ffffff60"
        >
        <space>
          <ThemeSpaceGeneric
            back="#f7c4d7"
            title="#5c0a29"
            text="#5c0a29"
            text_hi="#ffffff"
            header="#f5c1d5ff"
            header_text="#5c0a29"
            header_text_hi="#ffffff"
            button="#f7d0df00"
            button_title="#5c0a29"
            button_text="#5c0a29"
            button_text_hi="#5c0a29"
            navigation_bar="#f7c4d7ff"
            execution_buts="#f7c4d7ff"
            tab_active="#ed8cb0"
            tab_inactive="#f7d0df"
            tab_back="#f4bad0ff"
            tab_outline="#ed8cb0ff"
            >
            <panelcolors>
              <ThemePanelColors
                header="#f8d4e2ff"
                back="#f8d4e2ff"
                sub_back="#00000010"
                >
              </ThemePanelColors>
            </panelcolors>
          </ThemeSpaceGeneric>
        </space>
        <space_list>
          <ThemeSpaceListGeneric
            list="#f7d0df"
            list_title="#5c0a29"
            list_text="#505050"
            list_text_hi="#020202"
            >
          </ThemeSpaceListGeneric>
        </space_list>
      </ThemeNLAEditor>
    </nla_editor>
    <dopesheet_editor>
      <ThemeDopeSheet
        grid="#f1a3c0"
        frame_current="#b63a69"
        time_scrub_background="#e3528933"
        time_marker_line="#00000060"
        time_marker_line_selected="#ffffff60"
        value_sliders="#000000"
        view_sliders="#ed8cb0"
        dopesheet_channel="#ed8cb050"
        dopesheet_subchannel="#ed8cb050"
        channels="#ed8cb050"
        channels_selected="#eca4ba50"
        channel_group="#ed8cb050"
        active_channels_group="#fa990050"
        long_key="#b63a6950"
        long_key_selected="#b63a69a0"
        keyframe="#e8e8e8"
        keyframe_selected="#000000"
        keyframe_extreme="#e8b3cc"
        keyframe_extreme_selected="#f28080"
        keyframe_breakdown="#b3dbe8"
        keyframe_breakdown_selected="#54bfed"
        keyframe_jitter="#94e575"
        keyframe_jitter_selected="#61c042"
        keyframe_movehold="#5c5656"
        keyframe_movehold_selected="#ffaf23"
        keyframe_generated="#585858"
        keyframe_generated_selected="#a28962"
        keyframe_border="#000000ff"
        keyframe_border_selected="#000000ff"
        keyframe_scale_factor="1"
        summary="#ffffff50"
        preview_range="#00000050"
        interpolation_line="#94e575cc"
        simulated_frames="#721e65ff"
        >
        <space>
          <ThemeSpaceGeneric
            back="#f7c4d7"
            title="#5c0a29"
            text="#5c0a29"
            text_hi="#ffffff"
            header="#f5c1d5ff"
            header_text="#5c0a29"
            header_text_hi="#ffffff"
            button="#f7d0df00"
            button_title="#5c0a29"
            button_text="#5c0a29"
            button_text_hi="#5c0a29"
            navigation_bar="#f7c4d7ff"
            execution_buts="#f7c4d7ff"
            tab_active="#ed8cb0"
            tab_inactive="#f7d0df"
            tab_back="#f4bad0ff"
            tab_outline="#ed8cb0ff"
            >
            <panelcolors>
              <ThemePanelColors
                header="#f8d4e2ff"
                back="#f8d4e2ff"
                sub_back="#00000010"
                >
              </ThemePanelColors>
            </panelcolors>
          </ThemeSpaceGeneric>
        </space>
        <space_list>
          <ThemeSpaceListGeneric
            list="#f7d0df"
            list_title="#5c0a29"
            list_text="#505050"
            list_text_hi="#020202"
            >
          </ThemeSpaceListGeneric>
        </space_list>
      </ThemeDopeSheet>
    </dopesheet_editor>
    <image_editor>
      <ThemeImageEditor
        grid="#ffffffff"
        vertex="#000000"
        vertex_select="#fa9900"
        vertex_size="3"
        vertex_bevel="#000000"
        vertex_unreferenced="#000000"
        face="#00000033"
        face_select="#fa99003c"
        face_mode_select="#00000000"
        face_dot="#b63a69"
        facedot_size="3"
        freestyle_face_mark="#7fff7f33"
        face_retopology="#00000000"
        face_back="#00000000"
        face_front="#00000000"
        editmesh_active="#2e2e2e80"
        wire_edit="#ffffff"
        edge_width="1"
        edge_select="#fa9900"
        scope_back="#00000033"
        preview_stitch_face="#7f7f0033"
        preview_stitch_edge="#ff00ff33"
        preview_stitch_vert="#0000ff33"
        preview_stitch_stitchable="#00ff00ff"
        preview_stitch_unstitchable="#ff0000ff"
        preview_stitch_active="#e1d2c323"
        uv_shadow="#707070ff"
        frame_current="#60c040"
        metadatabg="#000000"
        metadatatext="#2e2e2e"
        handle_free="#000000"
        handle_auto="#909000"
        handle_align="#803060"
        handle_sel_free="#000000"
        handle_sel_auto="#f0ff40"
        handle_sel_align="#f090a0"
        handle_auto_clamped="#000000"
        handle_sel_auto_clamped="#000000"
        handle_vertex="#000000"
        handle_vertex_select="#ffff00"
        handle_vertex_size="5"
        paint_curve_handle="#7fff7f7f"
        paint_curve_pivot="#ff7f7f7f"
        >
        <space>
          <ThemeSpaceGeneric
            back="#e4e4e4"
            title="#5c0a29"
            text="#5c0a29"
            text_hi="#ffffff"
            header="#f5c1d5ff"
            header_text="#5c0a29"
            header_text_hi="#ffffff"
            button="#f7d0df00"
            button_title="#5c0a29"
            button_text="#5c0a29"
            button_text_hi="#5c0a29"
            navigation_bar="#f7c4d7ff"
            execution_buts="#f7c4d7ff"
            tab_active="#ed8cb0"
            tab_inactive="#f7d0df"
            tab_back="#f4bad0ff"
            tab_outline="#ed8cb0ff"
            >
            <panelcolors>
              <ThemePanelColors
                header="#f8d4e2ff"
                back="#f8d4e2ff"
                sub_back="#00000010"
                >
              </ThemePanelColors>
            </panelcolors>
          </ThemeSpaceGeneric>
        </space>
        <asset_shelf>
          <ThemeAssetShelf
            header_back="#1d1d1dff"
            back="#303030ff"
            >
          </ThemeAssetShelf>
        </asset_shelf>
      </ThemeImageEditor>
    </image_editor>
    <sequence_editor>
      <ThemeSequenceEditor
        grid="#f1a3c0"
        window_sliders="#e35289"
        movie_strip="#5699ff"
        movieclip_strip="#ff5f5f"
        image_strip="#f9a92f"
        scene_strip="#99b332"
        audio_strip="#3ba3a3"
        effect_strip="#786abc"
        transition_strip="#50458f"
        color_strip="#8f8f8f"
        meta_strip="#978cc0"
        mask_strip="#666666"
        text_strip="#c56fda"
        active_strip="#f4bad0"
        selected_strip="#ff8f0d"
        frame_current="#b63a69"
        time_scrub_background="#e3528933"
        time_marker_line="#00000060"
        time_marker_line_selected="#ffffff60"
        keyframe="#b63a69"
        keyframe_selected="#ffbe33"
        keyframe_breakdown="#b3dbe8"
        keyframe_breakdown_selected="#54bfed"
        keyframe_movehold="#808080"
        keyframe_movehold_selected="#ffaf23"
        keyframe_generated="#000000"
        keyframe_generated_selected="#000000"
        keyframe_border="#000000ff"
        keyframe_border_selected="#000000ff"
        draw_action="#50c8ff"
        preview_back="#f4bad0"
        metadatabg="#000000"
        metadatatext="#2e2e2e"
        preview_range="#a14d0066"
        row_alternate="#00000005"
        text_strip_cursor="#71a8ffff"
        selected_text="#ffffff4d"
        >
        <space>
          <ThemeSpaceGeneric
            back="#f7c4d7"
            title="#5c0a29"
            text="#5c0a29"
            text_hi="#ffffff"
            header="#f5c1d5ff"
            header_text="#5c0a29"
            header_text_hi="#ffffff"
            button="#f7d0df00"
            button_title="#5c0a29"
            button_text="#5c0a29"
            button_text_hi="#5c0a29"
            navigation_bar="#f7c4d7ff"
            execution_buts="#f7c4d7ff"
            tab_active="#ed8cb0"
            tab_inactive="#f7d0df"
            tab_back="#f4bad0ff"
            tab_outline="#ed8cb0ff"
            >
            <panelcolors>
              <ThemePanelColors
                header="#f8d4e2ff"
                back="#f8d4e2ff"
                sub_back="#00000010"
                >
              </ThemePanelColors>
            </panelcolors>
          </ThemeSpaceGeneric>
        </space>
        <space_list>
          <ThemeSpaceListGeneric
            list="#f7d0df"
            list_title="#5c0a29"
            list_text="#505050"
            list_text_hi="#020202"
            >
          </ThemeSpaceListGeneric>
        </space_list>
      </ThemeSequenceEditor>
    </sequence_editor>
    <properties>
      <ThemeProperties
        match="#e35289"
        active_modifier="#b63a69ff"
        >
        <space>
          <ThemeSpaceGeneric
            back="#f7c4d7"
            title="#5c0a29"
            text="#5c0a29"
            text_hi="#ffffff"
            header="#f5c1d5ff"
            header_text="#5c0a29"
            header_text_hi="#ffffff"
            button="#f7d0df00"
            button_title="#5c0a29"
            button_text="#5c0a29"
            button_text_hi="#5c0a29"
            navigation_bar="#f7c4d7ff"
            execution_buts="#f7c4d7ff"
            tab_active="#ed8cb0"
            tab_inactive="#f7d0df"
            tab_back="#f4bad0ff"
            tab_outline="#ed8cb0ff"
            >
            <panelcolors>
              <ThemePanelColors
                header="#f8d4e2ff"
                back="#f8d4e2ff"
                sub_back="#00000010"
                >
              </ThemePanelColors>
            </panelcolors>
          </ThemeSpaceGeneric>
        </space>
      </ThemeProperties>
    </properties>
    <text_editor>
      <ThemeTextEditor
        line_numbers="#ffffff"
        line_numbers_background="#f1a3c0"
        selected_text="#ed8cb0"
        cursor="#b63a69"
        syntax_builtin="#af00db"
        syntax_symbols="#5c0a29"
        syntax_special="#0000ff"
        syntax_preprocessor="#ad80ff"
        syntax_reserved="#c4753b"
        syntax_comment="#008000"
        syntax_string="#a31515"
        syntax_numbers="#ff1961"
        >
        <space>
          <ThemeSpaceGeneric
            back="#f7c4d7"
            title="#5c0a29"
            text="#5c0a29"
            text_hi="#ffffff"
            header="#f5c1d5ff"
            header_text="#5c0a29"
            header_text_hi="#ffffff"
            button="#f7d0df00"
            button_title="#5c0a29"
            button_text="#5c0a29"
            button_text_hi="#5c0a29"
            navigation_bar="#f7c4d7ff"
            execution_buts="#f7c4d7ff"
            tab_active="#ed8cb0"
            tab_inactive="#f7d0df"
            tab_back="#f4bad0ff"
            tab_outline="#ed8cb0ff"
            >
            <panelcolors>
              <ThemePanelColors
                header="#f8d4e2ff"
                back="#f8d4e2ff"
                sub_back="#00000010"
                >
              </ThemePanelColors>
            </panelcolors>
          </ThemeSpaceGeneric>
        </space>
      </ThemeTextEditor>
    </text_editor>
    <node_editor>
      <ThemeNodeEditor
        grid="#ed8cb0"
        node_selected="#ed5700"
        node_active="#ffffff"
        wire="#232323ff"
        wire_inner="#808080"
        wire_select="#ffffffb3"
        selected_text="#7f7070"
        node_backdrop="#ffffffff"
        converter_node="#66c4ff"
        color_node="#ccb83d"
        group_node="#5f943c"
        group_socket_node="#ed8cb0"
        frame_node="#00000016"
        matte_node="#975b5b"
        distor_node="#749797"
        noodle_curving="4"
        grid_levels="3"
        dash_alpha="0.5"
        input_node="#e64555"
        output_node="#ff4e5c"
        filter_node="#8573c0"
        vector_node="#9b80ff"
        texture_node="#e68745"
        shader_node="#63c763"
        script_node="#13b1b1"
        pattern_node="#6c696f"
        layout_node="#6c696f"
        geometry_node="#00d7a4"
        attribute_node="#6591ce"
        simulation_zone="#66416233"
        repeat_zone="#76512f33"
        foreach_geometry_element_zone="#33527f33"
        >
        <space>
          <ThemeSpaceGeneric
            back="#f7c4d7"
            title="#5c0a29"
            text="#5c0a29"
            text_hi="#ffffff"
            header="#f5c1d5ff"
            header_text="#5c0a29"
            header_text_hi="#ffffff"
            button="#f7d0df00"
            button_title="#5c0a29"
            button_text="#5c0a29"
            button_text_hi="#5c0a29"
            navigation_bar="#f7c4d7ff"
            execution_buts="#f7c4d7ff"
            tab_active="#ed8cb0"
            tab_inactive="#f7d0df"
            tab_back="#f4bad0ff"
            tab_outline="#ed8cb0ff"
            >
            <panelcolors>
              <ThemePanelColors
                header="#f8d4e2ff"
                back="#f8d4e2ff"
                sub_back="#00000010"
                >
              </ThemePanelColors>
            </panelcolors>
          </ThemeSpaceGeneric>
        </space>
        <space_list>
          <ThemeSpaceListGeneric
            list="#f7d0df"
            list_title="#5c0a29"
            list_text="#505050"
            list_text_hi="#020202"
            >
          </ThemeSpaceListGeneric>
        </space_list>
      </ThemeNodeEditor>
    </node_editor>
    <outliner>
      <ThemeOutliner
        match="#337f33"
        selected_highlight="#ed8cb0"
        active="#e35289"
        selected_object="#ffffff"
        active_object="#ffffff"
        edited_object="#00806266"
        row_alternate="#00000005"
        >
        <space>
          <ThemeSpaceGeneric
            back="#f7c4d7"
            title="#5c0a29"
            text="#5c0a29"
            text_hi="#ffffff"
            header="#f5c1d5ff"
            header_text="#5c0a29"
            header_text_hi="#ffffff"
            button="#f7d0df00"
            button_title="#5c0a29"
            button_text="#5c0a29"
            button_text_hi="#5c0a29"
            navigation_bar="#f7c4d7ff"
            execution_buts="#f7c4d7ff"
            tab_active="#ed8cb0"
            tab_inactive="#f7d0df"
            tab_back="#f4bad0ff"
            tab_outline="#ed8cb0ff"
            >
            <panelcolors>
              <ThemePanelColors
                header="#f8d4e2ff"
                back="#f8d4e2ff"
                sub_back="#00000010"
                >
              </ThemePanelColors>
            </panelcolors>
          </ThemeSpaceGeneric>
        </space>
      </ThemeOutliner>
    </outliner>
    <info>
      <ThemeInfo
        info_selected="#b63a69"
        info_selected_text="#ffffff"
        info_error_text="#ffffff"
        info_warning_text="#ffffff"
        info_info_text="#ffffff"
        info_debug="#6b3293ff"
        info_debug_text="#ffffff"
        info_property="#236666ff"
        info_property_text="#ffffff"
        info_operator="#235266ff"
        info_operator_text="#ffffff"
        >
        <space>
          <ThemeSpaceGeneric
            back="#f7c4d7"
            title="#5c0a29"
            text="#5c0a29"
            text_hi="#ffffff"
            header="#f5c1d5ff"
            header_text="#5c0a29"
            header_text_hi="#ffffff"
            button="#f7d0df00"
            button_title="#5c0a29"
            button_text="#5c0a29"
            button_text_hi="#5c0a29"
            navigation_bar="#f7c4d7ff"
            execution_buts="#f7c4d7ff"
            tab_active="#ed8cb0"
            tab_inactive="#f7d0df"
            tab_back="#f4bad0ff"
            tab_outline="#ed8cb0ff"
            >
            <panelcolors>
              <ThemePanelColors
                header="#f8d4e2ff"
                back="#f8d4e2ff"
                sub_back="#00000010"
                >
              </ThemePanelColors>
            </panelcolors>
          </ThemeSpaceGeneric>
        </space>
      </ThemeInfo>
    </info>
    <preferences>
      <ThemePreferences>
        <space>
          <ThemeSpaceGeneric
            back="#f7c4d7"
            title="#5c0a29"
            text="#5c0a29"
            text_hi="#ffffff"
            header="#f5c1d5ff"
            header_text="#5c0a29"
            header_text_hi="#ffffff"
            button="#f7d0df00"
            button_title="#5c0a29"
            button_text="#5c0a29"
            button_text_hi="#5c0a29"
            navigation_bar="#f7c4d7ff"
            execution_buts="#f7c4d7ff"
            tab_active="#ed8cb0"
            tab_inactive="#f7d0df"
            tab_back="#f4bad0ff"
            tab_outline="#ed8cb0ff"
            >
            <panelcolors>
              <ThemePanelColors
                header="#f8d4e2ff"
                back="#f8d4e2ff"
                sub_back="#00000010"
                >
              </ThemePanelColors>
            </panelcolors>
          </ThemeSpaceGeneric>
        </space>
      </ThemePreferences>
    </preferences>
    <console>
      <ThemeConsole
        line_output="#00515c"
        line_input="#5c0a29"
        line_info="#95d600"
        line_error="#ff1961"
        cursor="#b63a69"
        select="#5c0a2930"
        >
        <space>
          <ThemeSpaceGeneric
            back="#f7c4d7"
            title="#5c0a29"
            text="#5c0a29"
            text_hi="#ffffff"
            header="#f5c1d5ff"
            header_text="#5c0a29"
            header_text_hi="#ffffff"
            button="#f7d0df00"
            button_title="#5c0a29"
            button_text="#5c0a29"
            button_text_hi="#5c0a29"
            navigation_bar="#f7c4d7ff"
            execution_buts="#f7c4d7ff"
            tab_active="#ed8cb0"
            tab_inactive="#f7d0df"
            tab_back="#f4bad0ff"
            tab_outline="#ed8cb0ff"
            >
            <panelcolors>
              <ThemePanelColors
                header="#f8d4e2ff"
                back="#f8d4e2ff"
                sub_back="#00000010"
                >
              </ThemePanelColors>
            </panelcolors>
          </ThemeSpaceGeneric>
        </space>
      </ThemeConsole>
    </console>
    <clip_editor>
      <ThemeClipEditor
        grid="#f7c4d7ff"
        marker_outline="#000000"
        marker="#7f7f00"
        active_marker="#ffffff"
        selected_marker="#ffff00"
        disabled_marker="#7f0000"
        locked_marker="#7f7f7f"
        path_before="#ff0000"
        path_after="#0000ff"
        path_keyframe_before="#ffc4c4"
        path_keyframe_after="#c4c4ff"
        frame_current="#b63a69"
        time_scrub_background="#e3528933"
        time_marker_line="#00000060"
        time_marker_line_selected="#ffffff60"
        strips="#0c0a0a"
        strips_selected="#ff8c00"
        metadatabg="#000000"
        metadatatext="#ffffff"
        handle_free="#000000"
        handle_auto="#909000"
        handle_align="#803060"
        handle_sel_free="#000000"
        handle_sel_auto="#f0ff40"
        handle_sel_align="#f090a0"
        handle_auto_clamped="#000000"
        handle_sel_auto_clamped="#000000"
        handle_vertex="#000000"
        handle_vertex_select="#ffff00"
        handle_vertex_size="5"
        >
        <space>
          <ThemeSpaceGeneric
            back="#f7c4d7"
            title="#5c0a29"
            text="#5c0a29"
            text_hi="#ffffff"
            header="#f5c1d5ff"
            header_text="#5c0a29"
            header_text_hi="#ffffff"
            button="#f7d0df00"
            button_title="#5c0a29"
            button_text="#5c0a29"
            button_text_hi="#5c0a29"
            navigation_bar="#f7c4d7ff"
            execution_buts="#f7c4d7ff"
            tab_active="#ed8cb0"
            tab_inactive="#f7d0df"
            tab_back="#f4bad0ff"
            tab_outline="#ed8cb0ff"
            >
            <panelcolors>
              <ThemePanelColors
                header="#f8d4e2ff"
                back="#f8d4e2ff"
                sub_back="#00000010"
                >
              </ThemePanelColors>
            </panelcolors>
          </ThemeSpaceGeneric>
        </space>
        <space_list>
          <ThemeSpaceListGeneric
            list="#f7d0df"
            list_title="#5c0a29"
            list_text="#505050"
            list_text_hi="#020202"
            >
          </ThemeSpaceListGeneric>
        </space_list>
      </ThemeClipEditor>
    </clip_editor>
    <topbar>
      <ThemeTopBar>
        <space>
          <ThemeSpaceGeneric
            back="#f7c4d7"
            title="#5c0a29"
            text="#5c0a29"
            text_hi="#ffffff"
            header="#fae2ebff"
            header_text="#5c0a29"
            header_text_hi="#ffffff"
            button="#f7d0df00"
            button_title="#5c0a29"
            button_text="#5c0a29"
            button_text_hi="#5c0a29"
            navigation_bar="#f7c4d7ff"
            execution_buts="#f7c4d7ff"
            tab_active="#ed8cb0"
            tab_inactive="#f7d0df"
            tab_back="#f4bad0ff"
            tab_outline="#ed8cb0ff"
            >
            <panelcolors>
              <ThemePanelColors
                header="#f8d4e2ff"
                back="#f8d4e2ff"
                sub_back="#00000010"
                >
              </ThemePanelColors>
            </panelcolors>
          </ThemeSpaceGeneric>
        </space>
      </ThemeTopBar>
    </topbar>
    <statusbar>
      <ThemeStatusBar>
        <space>
          <ThemeSpaceGeneric
            back="#f7c4d7"
            title="#5c0a29"
            text="#5c0a29"
            text_hi="#ffffff"
            header="#f5c1d5ff"
            header_text="#5c0a29"
            header_text_hi="#ffffff"
            button="#f7d0df00"
            button_title="#5c0a29"
            button_text="#5c0a29"
            button_text_hi="#5c0a29"
            navigation_bar="#f7c4d7ff"
            execution_buts="#f7c4d7ff"
            tab_active="#ed8cb0"
            tab_inactive="#f7d0df"
            tab_back="#f4bad0ff"
            tab_outline="#ed8cb0ff"
            >
            <panelcolors>
              <ThemePanelColors
                header="#f8d4e2ff"
                back="#f8d4e2ff"
                sub_back="#00000010"
                >
              </ThemePanelColors>
            </panelcolors>
          </ThemeSpaceGeneric>
        </space>
      </ThemeStatusBar>
    </statusbar>
    <spreadsheet>
      <ThemeSpreadsheet
        row_alternate="#00000005"
        >
        <space>
          <ThemeSpaceGeneric
            back="#f7c4d7"
            title="#5c0a29"
            text="#5c0a29"
            text_hi="#ffffff"
            header="#f5c1d5ff"
            header_text="#5c0a29"
            header_text_hi="#ffffff"
            button="#f7d0df00"
            button_title="#5c0a29"
            button_text="#5c0a29"
            button_text_hi="#5c0a29"
            navigation_bar="#f7c4d7ff"
            execution_buts="#f7c4d7ff"
            tab_active="#ed8cb0"
            tab_inactive="#f7d0df"
            tab_back="#f4bad0ff"
            tab_outline="#ed8cb0ff"
            >
            <panelcolors>
              <ThemePanelColors
                header="#f8d4e2ff"
                back="#f8d4e2ff"
                sub_back="#00000010"
                >
              </ThemePanelColors>
            </panelcolors>
          </ThemeSpaceGeneric>
        </space>
        <space_list>
          <ThemeSpaceListGeneric
            list="#f7d0df"
            list_title="#5c0a29"
            list_text="#505050"
            list_text_hi="#020202"
            >
          </ThemeSpaceListGeneric>
        </space_list>
      </ThemeSpreadsheet>
    </spreadsheet>
    <bone_color_sets>
      <ThemeBoneColorSet
        normal="#9a0000"
        select="#bd1111"
        active="#f70a0a"
        show_colored_constraints="FALSE"
        >
      </ThemeBoneColorSet>
      <ThemeBoneColorSet
        normal="#f74018"
        select="#f66913"
        active="#fa9900"
        show_colored_constraints="FALSE"
        >
      </ThemeBoneColorSet>
      <ThemeBoneColorSet
        normal="#1e9109"
        select="#59b70b"
        active="#83ef1d"
        show_colored_constraints="FALSE"
        >
      </ThemeBoneColorSet>
      <ThemeBoneColorSet
        normal="#0a3694"
        select="#3667df"
        active="#5ec1ef"
        show_colored_constraints="FALSE"
        >
      </ThemeBoneColorSet>
      <ThemeBoneColorSet
        normal="#a9294e"
        select="#c1416a"
        active="#f05d91"
        show_colored_constraints="FALSE"
        >
      </ThemeBoneColorSet>
      <ThemeBoneColorSet
        normal="#430c78"
        select="#543aa3"
        active="#8764d5"
        show_colored_constraints="FALSE"
        >
      </ThemeBoneColorSet>
      <ThemeBoneColorSet
        normal="#24785a"
        select="#3c9579"
        active="#6fb6ab"
        show_colored_constraints="FALSE"
        >
      </ThemeBoneColorSet>
      <ThemeBoneColorSet
        normal="#4b707c"
        select="#6a8691"
        active="#9bc2cd"
        show_colored_constraints="FALSE"
        >
      </ThemeBoneColorSet>
      <ThemeBoneColorSet
        normal="#f4c90c"
        select="#eec236"
        active="#f3ff00"
        show_colored_constraints="FALSE"
        >
      </ThemeBoneColorSet>
      <ThemeBoneColorSet
        normal="#1e2024"
        select="#484c56"
        active="#2e2e2e"
        show_colored_constraints="FALSE"
        >
      </ThemeBoneColorSet>
      <ThemeBoneColorSet
        normal="#6f2f6a"
        select="#9845be"
        active="#d330d6"
        show_colored_constraints="FALSE"
        >
      </ThemeBoneColorSet>
      <ThemeBoneColorSet
        normal="#6c8e22"
        select="#7fb022"
        active="#bbef5b"
        show_colored_constraints="FALSE"
        >
      </ThemeBoneColorSet>
      <ThemeBoneColorSet
        normal="#8d8d8d"
        select="#b0b0b0"
        active="#dedede"
        show_colored_constraints="FALSE"
        >
      </ThemeBoneColorSet>
      <ThemeBoneColorSet
        normal="#834326"
        select="#8b5811"
        active="#bd6a11"
        show_colored_constraints="FALSE"
        >
      </ThemeBoneColorSet>
      <ThemeBoneColorSet
        normal="#08310e"
        select="#1c430b"
        active="#34622b"
        show_colored_constraints="FALSE"
        >
      </ThemeBoneColorSet>
      <ThemeBoneColorSet
        normal="#000000"
        select="#000000"
        active="#000000"
        show_colored_constraints="FALSE"
        >
      </ThemeBoneColorSet>
      <ThemeBoneColorSet
        normal="#000000"
        select="#000000"
        active="#000000"
        show_colored_constraints="FALSE"
        >
      </ThemeBoneColorSet>
      <ThemeBoneColorSet
        normal="#000000"
        select="#000000"
        active="#000000"
        show_colored_constraints="FALSE"
        >
      </ThemeBoneColorSet>
      <ThemeBoneColorSet
        normal="#000000"
        select="#000000"
        active="#000000"
        show_colored_constraints="FALSE"
        >
      </ThemeBoneColorSet>
      <ThemeBoneColorSet
        normal="#000000"
        select="#000000"
        active="#000000"
        show_colored_constraints="FALSE"
        >
      </ThemeBoneColorSet>
    </bone_color_sets>
    <collection_color>
      <ThemeCollectionColor
        color="#e2605b"
        >
      </ThemeCollectionColor>
      <ThemeCollectionColor
        color="#f1a355"
        >
      </ThemeCollectionColor>
      <ThemeCollectionColor
        color="#f1dc55"
        >
      </ThemeCollectionColor>
      <ThemeCollectionColor
        color="#7bcc7b"
        >
      </ThemeCollectionColor>
      <ThemeCollectionColor
        color="#5db6ea"
        >
      </ThemeCollectionColor>
      <ThemeCollectionColor
        color="#8d59da"
        >
      </ThemeCollectionColor>
      <ThemeCollectionColor
        color="#c673b8"
        >
      </ThemeCollectionColor>
      <ThemeCollectionColor
        color="#7a5441"
        >
      </ThemeCollectionColor>
    </collection_color>
    <strip_color>
      <ThemeStripColor
        color="#e2605b"
        >
      </ThemeStripColor>
      <ThemeStripColor
        color="#f1a355"
        >
      </ThemeStripColor>
      <ThemeStripColor
        color="#f1dc55"
        >
      </ThemeStripColor>
      <ThemeStripColor
        color="#7bcc7b"
        >
      </ThemeStripColor>
      <ThemeStripColor
        color="#5db6ea"
        >
      </ThemeStripColor>
      <ThemeStripColor
        color="#8d59da"
        >
      </ThemeStripColor>
      <ThemeStripColor
        color="#c673b8"
        >
      </ThemeStripColor>
      <ThemeStripColor
        color="#7a5441"
        >
      </ThemeStripColor>
      <ThemeStripColor
        color="#5f5f5f"
        >
      </ThemeStripColor>
    </strip_color>
  </Theme>
  <ThemeStyle>
    <panel_title>
      <ThemeFontStyle
        points="11"
        character_weight="400"
        shadow="0"
        shadow_offset_x="0"
        shadow_offset_y="0"
        shadow_alpha="0"
        shadow_value="0"
        >
      </ThemeFontStyle>
    </panel_title>
    <widget>
      <ThemeFontStyle
        points="11"
        character_weight="400"
        shadow="1"
        shadow_offset_x="0"
        shadow_offset_y="0"
        shadow_alpha="0"
        shadow_value="0"
        >
      </ThemeFontStyle>
    </widget>
    <tooltip>
      <ThemeFontStyle
        points="11"
        character_weight="400"
        shadow="0"
        shadow_offset_x="0"
        shadow_offset_y="-1"
        shadow_alpha="0.5"
        shadow_value="0"
        >
      </ThemeFontStyle>
    </tooltip>
  </ThemeStyle>
</bpy>
