<bpy>
  <Theme>
    <user_interface>
      <ThemeUserInterface
        >
        <wcol_regular>
          <ThemeWidgetColors
            inner_sel="#9333eaff"
            >
          </ThemeWidgetColors>
        </wcol_regular>
        <wcol_tool>
          <ThemeWidgetColors
            inner_sel="#9333eaff"
            >
          </ThemeWidgetColors>
        </wcol_tool>
        <wcol_toolbar_item>
          <ThemeWidgetColors
            inner_sel="#9333eaff"
            >
          </ThemeWidgetColors>
        </wcol_toolbar_item>
        <wcol_radio>
          <ThemeWidgetColors
            inner_sel="#9333eaff"
            >
          </ThemeWidgetColors>
        </wcol_radio>
        <wcol_text>
          <ThemeWidgetColors
            item="#9333eaff"
            >
          </ThemeWidgetColors>
        </wcol_text>
        <wcol_option>
          <ThemeWidgetColors
            inner_sel="#9333eaff"
            >
          </ThemeWidgetColors>
        </wcol_option>
        <wcol_toggle>
          <ThemeWidgetColors
            inner_sel="#9333eaff"
            >
          </ThemeWidgetColors>
        </wcol_toggle>
        <wcol_num>
          <ThemeWidgetColors
            item="#9333eaff"
            >
          </ThemeWidgetColors>
        </wcol_num>
        <wcol_numslider>
          <ThemeWidgetColors
            item="#9333eaff"
            >
          </ThemeWidgetColors>
        </wcol_numslider>
        <wcol_menu>
          <ThemeWidgetColors
            inner_sel="#9333eab3"
            >
          </ThemeWidgetColors>
        </wcol_menu>
        <wcol_pulldown>
          <ThemeWidgetColors
            inner_sel="#9333eab3"
            >
          </ThemeWidgetColors>
        </wcol_pulldown>
        <wcol_menu_back>
          <ThemeWidgetColors
            inner_sel="#9333eaff"
            >
          </ThemeWidgetColors>
        </wcol_menu_back>
        <wcol_pie_menu>
          <ThemeWidgetColors
            inner_sel="#9333eaff"
            >
          </ThemeWidgetColors>
        </wcol_pie_menu>
        <wcol_tooltip>
          <ThemeWidgetColors
            inner_sel="#9333eaff"
            >
          </ThemeWidgetColors>
        </wcol_tooltip>
        <wcol_menu_item>
          <ThemeWidgetColors
            inner_sel="#9333eaff"
            >
          </ThemeWidgetColors>
        </wcol_menu_item>
        <wcol_progress>
          <ThemeWidgetColors
            inner_sel="#9333eaff"
            item="#9333eaff"
            >
          </ThemeWidgetColors>
        </wcol_progress>
        <wcol_list_item>
          <ThemeWidgetColors
            item="#9333eaff"
            >
          </ThemeWidgetColors>
        </wcol_list_item>
        <wcol_view_item>
          <ThemeWidgetColors
            inner_sel="#9333eaff"
            item="#9333eaff"
            >
          </ThemeWidgetColors>
        </wcol_view_item>
      </ThemeUserInterface>
    </user_interface>
    <view_3d>
      <ThemeView3D
        frame_current="#9333ea"
        >
      </ThemeView3D>
    </view_3d>
    <graph_editor>
      <ThemeGraphEditor
        frame_current="#9333ea"
        >
      </ThemeGraphEditor>
    </graph_editor>
    <file_browser>
      <ThemeFileBrowser
        selected_file="#9333ea"
        >
      </ThemeFileBrowser>
    </file_browser>
    <nla_editor>
      <ThemeNLAEditor
        frame_current="#9333ea"
        >
      </ThemeNLAEditor>
    </nla_editor>
    <dopesheet_editor>
      <ThemeDopeSheet
        frame_current="#9333ea"
        >
      </ThemeDopeSheet>
    </dopesheet_editor>
    <image_editor>
      <ThemeImageEditor
        frame_current="#9333ea"
        >
      </ThemeImageEditor>
    </image_editor>
    <sequence_editor>
      <ThemeSequenceEditor
        frame_current="#9333ea"
        >
      </ThemeSequenceEditor>
    </sequence_editor>
    <properties>
      <ThemeProperties
        match="#9333ea"
        active_modifier="#9333eaff"
        >
      </ThemeProperties>
    </properties>
    <outliner>
      <ThemeOutliner
        selected_highlight="#3b145e"
        active="#581f8c"
        >
      </ThemeOutliner>
    </outliner>
    <clip_editor>
      <ThemeClipEditor
        frame_current="#9333ea"
        >
      </ThemeClipEditor>
    </clip_editor>
  </Theme>
  <ThemeStyle>
  </ThemeStyle>
</bpy>